codigo_postal,estado,municipio,ciudad,tipo_asentamiento,asentamiento,clave_oficina
01389,Ciudad de México,Álvaro Obregón,Ciudad de México,Colonia,Santa Fe Tlayapaca,01401
01400,Ciudad de México,Álvaro Obregón,Ciudad de México,Colonia,Olivar del Conde 1a Sección,01401
01400,Ciudad de México,Álvaro Obregón,Ciudad de México,Colonia,Preconcreto,01401
01407,Ciudad de México,Álvaro Obregón,Ciudad de México,Colonia,Galeana,01401
01408,Ciudad de México,Álvaro Obregón,Ciudad de México,Colonia,Olivar del Conde 2a Sección,01401
01410,Ciudad de México,Álvaro Obregón,Ciudad de México,Colonia,Barrio Norte,01401
01410,Ciudad de México,Álvaro Obregón,Ciudad de México,Colonia,Palmas,01401
01419,Ciudad de México,Álvaro Obregón,Ciudad de México,Colonia,Minas Cristo Rey,01401
01420,Ciudad de México,Álvaro Obregón,Ciudad de México,Colonia,Sacramento,01401
01420,Ciudad de México,Álvaro Obregón,Ciudad de México,Barrio,Santa María Nonoalco,01401
01430,Ciudad de México,Álvaro Obregón,Ciudad de México,Colonia,Colina del Sur,01401
01450,Ciudad de México,Álvaro Obregón,Ciudad de México,Colonia,Hogar y Redención,01401
01460,Ciudad de México,Álvaro Obregón,Ciudad de México,Colonia,Alfonso XIII,01401
01470,Ciudad de México,Álvaro Obregón,Ciudad de México,Barrio,Alfalfar,01401
01470,Ciudad de México,Álvaro Obregón,Ciudad de México,Colonia,Molino de Rosas,01401
01480,Ciudad de México,Álvaro Obregón,Ciudad de México,Colonia,Lomas de Plateros,01401
01490,Ciudad de México,Álvaro Obregón,Ciudad de México,Colonia,La Cascada,01401
01500,Ciudad de México,Álvaro Obregón,Ciudad de México,Pueblo,Santa Lucía,01401
01500,Ciudad de México,Álvaro Obregón,Ciudad de México,Colonia,Miguel Gaona Armenta,01401
01509,Ciudad de México,Álvaro Obregón,Ciudad de México,Pueblo,Santa Lucía Chantepec,01401
01510,Ciudad de México,Álvaro Obregón,Ciudad de México,Colonia,Garcimarrero,01401
01510,Ciudad de México,Álvaro Obregón,Ciudad de México,Colonia,La Araña,01401
01510,Ciudad de México,Álvaro Obregón,Ciudad de México,Colonia,Los Cedros,01401
01520,Ciudad de México,Álvaro Obregón,Ciudad de México,Colonia,Ampliación Los Pirules,01401
01520,Ciudad de México,Álvaro Obregón,Ciudad de México,Colonia,Estado de Hidalgo,01401
01520,Ciudad de México,Álvaro Obregón,Ciudad de México,Colonia,Ampliación Estado de Hidalgo,01401
01520,Ciudad de México,Álvaro Obregón,Ciudad de México,Colonia,Piru Santa Lucía,01401
01520,Ciudad de México,Álvaro Obregón,Ciudad de México,Colonia,El Politoco,01401
01530,Ciudad de México,Álvaro Obregón,Ciudad de México,Colonia,Corpus Christy,01401
01538,Ciudad de México,Álvaro Obregón,Ciudad de México,Colonia,Tepopotla,01401
01539,Ciudad de México,Álvaro Obregón,Ciudad de México,Colonia,Acuilotla,01401
01539,Ciudad de México,Álvaro Obregón,Ciudad de México,Colonia,Cooperativa Unión Olivos,01401
01540,Ciudad de México,Álvaro Obregón,Ciudad de México,Colonia,Balcones de Cehuayo,01401
01540,Ciudad de México,Álvaro Obregón,Ciudad de México,Colonia,Cehuaya,01401
01540,Ciudad de México,Álvaro Obregón,Ciudad de México,Colonia,Llano Redondo,01401
01540,Ciudad de México,Álvaro Obregón,Ciudad de México,Colonia,Punta de Cehuaya,01401
01548,Ciudad de México,Álvaro Obregón,Ciudad de México,Colonia,Villa Progresista,01401
01549,Ciudad de México,Álvaro Obregón,Ciudad de México,Colonia,Dos Ríos del Pueblo Santa Lucía,01401
01550,Ciudad de México,Álvaro Obregón,Ciudad de México,Colonia,Tepeaca,01401
01550,Ciudad de México,Álvaro Obregón,Ciudad de México,Colonia,Ampliación Tepeaca,01401
01550,Ciudad de México,Álvaro Obregón,Ciudad de México,Colonia,Rinconada Las Cuevitas,01401
01560,Ciudad de México,Álvaro Obregón,Ciudad de México,Colonia,Ave Real,01401
01560,Ciudad de México,Álvaro Obregón,Ciudad de México,Colonia,Canutillo,01401
01560,Ciudad de México,Álvaro Obregón,Ciudad de México,Colonia,Canutillo 3a Sección,01401
01560,Ciudad de México,Álvaro Obregón,Ciudad de México,Colonia,Canutillo 2a Sección,01401
01566,Ciudad de México,Álvaro Obregón,Ciudad de México,Colonia,Hueytlale,01401
01569,Ciudad de México,Álvaro Obregón,Ciudad de México,Colonia,Reacomodo Valentín Gómez Farías,01401
01588,Ciudad de México,Álvaro Obregón,Ciudad de México,Colonia,Tarango,01401
01590,Ciudad de México,Álvaro Obregón,Ciudad de México,Colonia,El Rincón,01401
01600,Ciudad de México,Álvaro Obregón,Ciudad de México,Colonia,Merced Gómez,01401
01610,Ciudad de México,Álvaro Obregón,Ciudad de México,Colonia,Colinas de Tarango,01401
01610,Ciudad de México,Álvaro Obregón,Ciudad de México,Colonia,Profesor J. Arturo López Martínez,01401
01618,Ciudad de México,Álvaro Obregón,Ciudad de México,Colonia,Arcos Centenario,01401
01618,Ciudad de México,Álvaro Obregón,Ciudad de México,Colonia,Ex-Hacienda de Tarango,01401
01619,Ciudad de México,Álvaro Obregón,Ciudad de México,Colonia,La Martinica,01401
04640,Ciudad de México,Coyoacán,Ciudad de México,Colonia,El Reloj,04831
04650,Ciudad de México,Coyoacán,Ciudad de México,Pueblo,Santa Úrsula Coapa,14391
04660,Ciudad de México,Coyoacán,Ciudad de México,Colonia,Joyas del Pedregal,14391
04700,Ciudad de México,Coyoacán,Ciudad de México,Colonia,Pedregal de Carrasco,14391
04710,Ciudad de México,Coyoacán,Ciudad de México,Colonia,Olímpica,14391
04730,Ciudad de México,Coyoacán,Ciudad de México,Colonia,Cantil del Pedregal,14391
04730,Ciudad de México,Coyoacán,Ciudad de México,Colonia,Bosques de Tetlameya,14391
04739,Ciudad de México,Coyoacán,Ciudad de México,Colonia,El Caracol,14391
04800,Ciudad de México,Coyoacán,Ciudad de México,Colonia,Alianza Popular Revolucionaria,04831
04800,Ciudad de México,Coyoacán,Ciudad de México,Colonia,Los Cedros,04831
04810,Ciudad de México,Coyoacán,Ciudad de México,Colonia,Prados de Coyoacán,04831
04815,Ciudad de México,Coyoacán,Ciudad de México,Colonia,Emiliano Zapata,04831
04830,Ciudad de México,Coyoacán,Ciudad de México,Colonia,Los Cipreses,04831
04840,Ciudad de México,Coyoacán,Ciudad de México,Colonia,Ex-Ejido de San Pablo Tepetlapa,04831
04870,Ciudad de México,Coyoacán,Ciudad de México,Colonia,Espartaco,04831
04890,Ciudad de México,Coyoacán,Ciudad de México,Colonia,Jardines de Coyoacán,04831
04890,Ciudad de México,Coyoacán,Ciudad de México,Colonia,Los Olivos,04831
04899,Ciudad de México,Coyoacán,Ciudad de México,Colonia,El Parque de Coyoacán,04831
04909,Ciudad de México,Coyoacán,Ciudad de México,Colonia,Culhuacán CTM Sección VIII,04831
04909,Ciudad de México,Coyoacán,Ciudad de México,Colonia,Culhuacán CTM Sección IX-A,04831
04909,Ciudad de México,Coyoacán,Ciudad de México,Colonia,Culhuacán CTM Sección IX-B,04831
04910,Ciudad de México,Coyoacán,Ciudad de México,Colonia,Carmen Serdán,04831
04918,Ciudad de México,Coyoacán,Ciudad de México,Colonia,Cafetales,04831
04919,Ciudad de México,Coyoacán,Ciudad de México,Colonia,Emiliano Zapata Fraccionamiento Popular,04831
04920,Ciudad de México,Coyoacán,Ciudad de México,Colonia,Los Girasoles,04831
04929,Ciudad de México,Coyoacán,Ciudad de México,Colonia,Las Campanas,04831
04930,Ciudad de México,Coyoacán,Ciudad de México,Colonia,Santa Cecilia,04831
04938,Ciudad de México,Coyoacán,Ciudad de México,Colonia,Campestre Coyoacán,04831
04939,Ciudad de México,Coyoacán,Ciudad de México,Colonia,Culhuacán CTM Sección X,04831
04940,Ciudad de México,Coyoacán,Ciudad de México,Colonia,Los Sauces,04831
04950,Ciudad de México,Coyoacán,Ciudad de México,Colonia,El Mirador,04831
04960,Ciudad de México,Coyoacán,Ciudad de México,Colonia,Villa Quietud,04831
04970,Ciudad de México,Coyoacán,Ciudad de México,Colonia,Haciendas de Coyoacán,04831
04980,Ciudad de México,Coyoacán,Ciudad de México,Colonia,Ex-Ejido de Santa Úrsula Coapa,04831
04980,Ciudad de México,Coyoacán,Ciudad de México,Colonia,Ex-Hacienda Coapa,04831
04980,Ciudad de México,Coyoacán,Ciudad de México,Colonia,Viejo Ejido de Santa Úrsula Coapa,04831
05000,Ciudad de México,Cuajimalpa de Morelos,Ciudad de México,Colonia,Cuajimalpa,05501
05010,Ciudad de México,Cuajimalpa de Morelos,Ciudad de México,Colonia,Zentlapatl,05501
05020,Ciudad de México,Cuajimalpa de Morelos,Ciudad de México,Colonia,Loma del Padre,05501
05030,Ciudad de México,Cuajimalpa de Morelos,Ciudad de México,Colonia,San Pedro,05501
05030,Ciudad de México,Cuajimalpa de Morelos,Ciudad de México,Colonia,La Manzanita,05501
05050,Ciudad de México,Cuajimalpa de Morelos,Ciudad de México,Pueblo,San Pablo Chimalpa,05501
05100,Ciudad de México,Cuajimalpa de Morelos,Ciudad de México,Colonia,Lomas de Vista Hermosa,05501
05110,Ciudad de México,Cuajimalpa de Morelos,Ciudad de México,Colonia,Cooperativa Palo Alto,05501
05118,Ciudad de México,Cuajimalpa de Morelos,Ciudad de México,Colonia,Granjas Palo Alto,05501
05119,Ciudad de México,Cuajimalpa de Morelos,Ciudad de México,Colonia,Campestre Palo Alto,05501
05120,Ciudad de México,Cuajimalpa de Morelos,Ciudad de México,Colonia,Bosques de las Lomas,05501
05129,Ciudad de México,Cuajimalpa de Morelos,Ciudad de México,Colonia,Lomas del Chamizal,05501
05200,Ciudad de México,Cuajimalpa de Morelos,Ciudad de México,Colonia,San José de los Cedros,05501
05219,Ciudad de México,Cuajimalpa de Morelos,Ciudad de México,Colonia,Granjas Navidad,05501
05220,Ciudad de México,Cuajimalpa de Morelos,Ciudad de México,Colonia,Tepetongo,05501
05230,Ciudad de México,Cuajimalpa de Morelos,Ciudad de México,Colonia,El Ébano,05501
05240,Ciudad de México,Cuajimalpa de Morelos,Ciudad de México,Colonia,El Molino,05501
05260,Ciudad de México,Cuajimalpa de Morelos,Ciudad de México,Colonia,Jesús del Monte,05501
05269,Ciudad de México,Cuajimalpa de Morelos,Ciudad de México,Colonia,Amado Nervo,05501
07890,Ciudad de México,Gustavo A. Madero,Ciudad de México,Colonia,La Joya,07001
07890,Ciudad de México,Gustavo A. Madero,Ciudad de México,Colonia,Nueva Tenochtitlán,07001
07899,Ciudad de México,Gustavo A. Madero,Ciudad de México,Colonia,La Malinche,07001
07900,Ciudad de México,Gustavo A. Madero,Ciudad de México,Colonia,Cuchilla del Tesoro,07981
07910,Ciudad de México,Gustavo A. Madero,Ciudad de México,Colonia,San Juan de Aragón VII Sección,07981
07918,Ciudad de México,Gustavo A. Madero,Ciudad de México,Colonia,San Juan de Aragón VI Sección,07981
07919,Ciudad de México,Gustavo A. Madero,Ciudad de México,Colonia,Ex Ejido San Juan de Aragón Sector 32,07981
07920,Ciudad de México,Gustavo A. Madero,Ciudad de México,Colonia,El Olivo,07981
07920,Ciudad de México,Gustavo A. Madero,Ciudad de México,Colonia,San Juan de Aragón,07981
07930,Ciudad de México,Gustavo A. Madero,Ciudad de México,Colonia,Indeco,07981
07939,Ciudad de México,Gustavo A. Madero,Ciudad de México,Colonia,Héroes de Chapultepec,07981
07940,Ciudad de México,Gustavo A. Madero,Ciudad de México,Colonia,Ex Ejido San Juan de Aragón Sector 33,07981
07950,Ciudad de México,Gustavo A. Madero,Ciudad de México,Pueblo,San Juan de Aragón,07981
07960,Ciudad de México,Gustavo A. Madero,Ciudad de México,Colonia,Héroes de Cerro Prieto,07981
07960,Ciudad de México,Gustavo A. Madero,Ciudad de México,Colonia,Ex Escuela de Tiro,07981
07960,Ciudad de México,Gustavo A. Madero,Ciudad de México,Colonia,Fernando Casas Alemán,07981
07969,Ciudad de México,Gustavo A. Madero,Ciudad de México,Colonia,San Juan de Aragón I Sección,07981
07969,Ciudad de México,Gustavo A. Madero,Ciudad de México,Colonia,San Juan de Aragón II Sección,07981
07970,Ciudad de México,Gustavo A. Madero,Ciudad de México,Colonia,San Juan de Aragón III Sección,07981
07979,Ciudad de México,Gustavo A. Madero,Ciudad de México,Colonia,San Juan de Aragón IV Sección,07981
07979,Ciudad de México,Gustavo A. Madero,Ciudad de México,Colonia,San Juan de Aragón V Sección,07981
07980,Ciudad de México,Gustavo A. Madero,Ciudad de México,Colonia,Narciso Bassols,07981
07990,Ciudad de México,Gustavo A. Madero,Ciudad de México,Colonia,C.T.M. Aragón,07981
08000,Ciudad de México,Iztacalco,Ciudad de México,Colonia,Gabriel Ramos Millán Sección Bramadero,08231
08010,Ciudad de México,Iztacalco,Ciudad de México,Colonia,Ex-Ejido de La Magdalena Mixiuhca,08231
08020,Ciudad de México,Iztacalco,Ciudad de México,Colonia,Ampliación Gabriel Ramos Millán,08231
08030,Ciudad de México,Iztacalco,Ciudad de México,Colonia,Gabriel Ramos Millán Sección Cuchilla,08231
08040,Ciudad de México,Iztacalco,Ciudad de México,Colonia,Carlos Zapata Vela,08231
08100,Ciudad de México,Iztacalco,Ciudad de México,Colonia,Agrícola Pantitlán,08231
08200,Ciudad de México,Iztacalco,Ciudad de México,Colonia,Viaducto Piedad,08231
08210,Ciudad de México,Iztacalco,Ciudad de México,Colonia,Nueva Santa Anita,08231
08220,Ciudad de México,Iztacalco,Ciudad de México,Barrio,San Pedro,08231
08230,Ciudad de México,Iztacalco,Ciudad de México,Barrio,San Francisco Xicaltongo,08231
08240,Ciudad de México,Iztacalco,Ciudad de México,Barrio,Santiago Norte,08231
08300,Ciudad de México,Iztacalco,Ciudad de México,Colonia,Santa Anita,08231
08310,Ciudad de México,Iztacalco,Ciudad de México,Colonia,La Cruz,08231
08320,Ciudad de México,Iztacalco,Ciudad de México,Colonia,Fraccionamiento Coyuya,08231
08400,Ciudad de México,Iztacalco,Ciudad de México,Colonia,Granjas México,08231
08420,Ciudad de México,Iztacalco,Ciudad de México,Colonia,Cuchilla Agrícola Oriental,08231
08500,Ciudad de México,Iztacalco,Ciudad de México,Colonia,Agrícola Oriental,08231
08510,Ciudad de México,Iztacalco,Ciudad de México,Colonia,El Rodeo,08231
08600,Ciudad de México,Iztacalco,Ciudad de México,Barrio,La Asunción,08231
08610,Ciudad de México,Iztacalco,Ciudad de México,Barrio,Zapotla,08231
08620,Ciudad de México,Iztacalco,Ciudad de México,Barrio,Los Reyes,08231
08650,Ciudad de México,Iztacalco,Ciudad de México,Barrio,San Miguel,08231
08700,Ciudad de México,Iztacalco,Ciudad de México,Colonia,Juventino Rosas,08231
08710,Ciudad de México,Iztacalco,Ciudad de México,Colonia,Tlazintla,08231
08720,Ciudad de México,Iztacalco,Ciudad de México,Colonia,Gabriel Ramos Millán Sección Tlacotal,08231
08730,Ciudad de México,Iztacalco,Ciudad de México,Colonia,Gabriel Ramos Millán,08231
08760,Ciudad de México,Iztacalco,Ciudad de México,Colonia,INPI Picos,08231
08760,Ciudad de México,Iztacalco,Ciudad de México,Colonia,Los Picos de Iztacalco Sección 2A,08231
08760,Ciudad de México,Iztacalco,Ciudad de México,Colonia,Los Picos de Iztacalco Sección 1B,08231
08770,Ciudad de México,Iztacalco,Ciudad de México,Colonia,Los Picos de Iztacalco Sección 1A,08231
09838,Ciudad de México,Iztapalapa,Ciudad de México,Colonia,Plan de Iguala,09821
09839,Ciudad de México,Iztapalapa,Ciudad de México,Colonia,Ampliación Paraje San Juan,09821
09839,Ciudad de México,Iztapalapa,Ciudad de México,Colonia,San Juan Joya,09821
09840,Ciudad de México,Iztapalapa,Ciudad de México,Pueblo,Los Reyes Culhuacán,09821
09849,Ciudad de México,Iztapalapa,Ciudad de México,Colonia,Ampliación Los Reyes,09821
09850,Ciudad de México,Iztapalapa,Ciudad de México,Colonia,San Juan Xalpa,09821
09850,Ciudad de México,Iztapalapa,Ciudad de México,Colonia,San Nicolás Tolentino,09821
09850,Ciudad de México,Iztapalapa,Ciudad de México,Colonia,Santa María del Monte,09821
09856,Ciudad de México,Iztapalapa,Ciudad de México,Colonia,Estado de Veracruz,09821
09856,Ciudad de México,Iztapalapa,Ciudad de México,Colonia,Ampliación Veracruzana,09821
09858,Ciudad de México,Iztapalapa,Ciudad de México,Colonia,Paraje San Juan Cerro,09821
09859,Ciudad de México,Iztapalapa,Ciudad de México,Colonia,Benito Juárez,09821
09860,Ciudad de México,Iztapalapa,Ciudad de México,Colonia,Bellavista,09821
09860,Ciudad de México,Iztapalapa,Ciudad de México,Colonia,Ampliación Bellavista,09821
09860,Ciudad de México,Iztapalapa,Ciudad de México,Colonia,Casa Blanca,09821
09860,Ciudad de México,Iztapalapa,Ciudad de México,Colonia,Cerro de La Estrella,09821
09860,Ciudad de México,Iztapalapa,Ciudad de México,Colonia,Parque Nacional Cerro de la Estrella,09821
09860,Ciudad de México,Iztapalapa,Ciudad de México,Colonia,El Rodeo,09821
09868,Ciudad de México,Iztapalapa,Ciudad de México,Colonia,San Juan Estrella,09821
09870,Ciudad de México,Iztapalapa,Ciudad de México,Colonia,12 de Diciembre,09821
09870,Ciudad de México,Iztapalapa,Ciudad de México,Colonia,San Andrés Tomatlán,09821
09870,Ciudad de México,Iztapalapa,Ciudad de México,Pueblo,San Andrés Tomatlán,09821
09870,Ciudad de México,Iztapalapa,Ciudad de México,Pueblo,Santa María Tomatlán,09821
09880,Ciudad de México,Iztapalapa,Ciudad de México,Colonia,El Vergel,09821
09880,Ciudad de México,Iztapalapa,Ciudad de México,Colonia,Granjas Estrella,09821
09890,Ciudad de México,Iztapalapa,Ciudad de México,Colonia,Lomas Estrella,09821
09897,Ciudad de México,Iztapalapa,Ciudad de México,Colonia,Carlos Jonguitud Barrios,09821
09900,Ciudad de México,Iztapalapa,Ciudad de México,Barrio,Guadalupe,09291
09900,Ciudad de México,Iztapalapa,Ciudad de México,Barrio,San Antonio,09291
09900,Ciudad de México,Iztapalapa,Ciudad de México,Barrio,San Lorenzo,09291
09910,Ciudad de México,Iztapalapa,Ciudad de México,Colonia,La Esperanza,09291
09920,Ciudad de México,Iztapalapa,Ciudad de México,Colonia,José López Portillo,09291
09930,Ciudad de México,Iztapalapa,Ciudad de México,Colonia,El Rosario,09291
09940,Ciudad de México,Iztapalapa,Ciudad de México,Colonia,Jardines de San Lorenzo Tezonco,09291
09960,Ciudad de México,Iztapalapa,Ciudad de México,Colonia,Celoalliotli,09291
09960,Ciudad de México,Iztapalapa,Ciudad de México,Colonia,USCOVI,09291
09960,Ciudad de México,Iztapalapa,Ciudad de México,Colonia,El Molino Tezonco,09291
09960,Ciudad de México,Iztapalapa,Ciudad de México,Colonia,Allapetlalli,09291
09960,Ciudad de México,Iztapalapa,Ciudad de México,Colonia,La Planta,09291
09969,Ciudad de México,Iztapalapa,Ciudad de México,Colonia,Cananea,09291
09970,Ciudad de México,Iztapalapa,Ciudad de México,Colonia,Valle de San Lorenzo,09291
10000,Ciudad de México,La Magdalena Contreras,Ciudad de México,Colonia,Lomas Quebradas,10021
10010,Ciudad de México,La Magdalena Contreras,Ciudad de México,Colonia,La Malinche,10021
10010,Ciudad de México,La Magdalena Contreras,Ciudad de México,Colonia,San Bartolo Ameyalco,10021
10020,Ciudad de México,La Magdalena Contreras,Ciudad de México,Colonia,Cuauhtémoc,10021
10130,Ciudad de México,La Magdalena Contreras,Ciudad de México,Colonia,El Maestro,10101
10200,Ciudad de México,La Magdalena Contreras,Ciudad de México,Colonia,San Jerónimo Lídice,10701
10300,Ciudad de México,La Magdalena Contreras,Ciudad de México,Pueblo,San Bernabé Ocotepec,10021
10320,Ciudad de México,La Magdalena Contreras,Ciudad de México,Colonia,El Tanque,10021
10330,Ciudad de México,La Magdalena Contreras,Ciudad de México,Colonia,Las Cruces,10021
10340,Ciudad de México,La Magdalena Contreras,Ciudad de México,Colonia,Los Padres,10021
10350,Ciudad de México,La Magdalena Contreras,Ciudad de México,Colonia,Lomas de San Bernabé,10021
10360,Ciudad de México,La Magdalena Contreras,Ciudad de México,Colonia,Huayatla,10021
10368,Ciudad de México,La Magdalena Contreras,Ciudad de México,Colonia,Ampliación Potrerillo,10581
10369,Ciudad de México,La Magdalena Contreras,Ciudad de México,Colonia,Ampliación Lomas de San Bernabé,10021
10369,Ciudad de México,La Magdalena Contreras,Ciudad de México,Colonia,Tierra Unida,10021
01619,Ciudad de México,Álvaro Obregón,Ciudad de México,Colonia,Rinconada de Tarango,01401
01620,Ciudad de México,Álvaro Obregón,Ciudad de México,Colonia,Lomas de Tarango,01401
01630,Ciudad de México,Álvaro Obregón,Ciudad de México,Colonia,Lomas de Puerta Grande,01401
01630,Ciudad de México,Álvaro Obregón,Ciudad de México,Colonia,Puerta Grande,01401
01630,Ciudad de México,Álvaro Obregón,Ciudad de México,Colonia,Los Juristas,01401
01640,Ciudad de México,Álvaro Obregón,Ciudad de México,Colonia,Herón Proal,01401
01645,Ciudad de México,Álvaro Obregón,Ciudad de México,Colonia,Ponciano Arriaga,01401
01650,Ciudad de México,Álvaro Obregón,Ciudad de México,Colonia,La Milagrosa,01401
01650,Ciudad de México,Álvaro Obregón,Ciudad de México,Colonia,Palmas Axotitla,01401
01650,Ciudad de México,Álvaro Obregón,Ciudad de México,Colonia,Tlacuitlapa,01401
01650,Ciudad de México,Álvaro Obregón,Ciudad de México,Colonia,Ampliación Tlacuitlapa,01401
01650,Ciudad de México,Álvaro Obregón,Ciudad de México,Colonia,2o Reacomodo Tlacuitlapa,01401
01650,Ciudad de México,Álvaro Obregón,Ciudad de México,Colonia,El Ruedo,01401
01650,Ciudad de México,Álvaro Obregón,Ciudad de México,Colonia,Santa Lucía Chantepec,01401
01700,Ciudad de México,Álvaro Obregón,Ciudad de México,Colonia,La Joyita del Pueblo Tetelpan,01001
01700,Ciudad de México,Álvaro Obregón,Ciudad de México,Colonia,Ocotillos del Pueblo Tetelpan,01001
01700,Ciudad de México,Álvaro Obregón,Ciudad de México,Colonia,San Agustín del Pueblo Tetelpan,01001
01700,Ciudad de México,Álvaro Obregón,Ciudad de México,Colonia,2a Del Moral del Pueblo Tetelpan,01001
01700,Ciudad de México,Álvaro Obregón,Ciudad de México,Colonia,Tecalcapa del Pueblo Tetelpan,01001
01700,Ciudad de México,Álvaro Obregón,Ciudad de México,Pueblo,Tetelpan,01001
01708,Ciudad de México,Álvaro Obregón,Ciudad de México,Colonia,El Encino del Pueblo Tetelpan,01001
01708,Ciudad de México,Álvaro Obregón,Ciudad de México,Colonia,El Mirador del Pueblo Tetelpan,01001
01710,Ciudad de México,Álvaro Obregón,Ciudad de México,Colonia,Las Águilas,01001
01710,Ciudad de México,Álvaro Obregón,Ciudad de México,Colonia,Ampliación Alpes,01001
01720,Ciudad de México,Álvaro Obregón,Ciudad de México,Colonia,Lomas de Guadalupe,01001
01729,Ciudad de México,Álvaro Obregón,Ciudad de México,Colonia,Alcantarilla,01001
01730,Ciudad de México,Álvaro Obregón,Ciudad de México,Colonia,Lomas de las Águilas,01001
01730,Ciudad de México,Álvaro Obregón,Ciudad de México,Colonia,Puente Colorado,01001
01740,Ciudad de México,Álvaro Obregón,Ciudad de México,Colonia,La Peñita del Pueblo Tetelpan,01001
01740,Ciudad de México,Álvaro Obregón,Ciudad de México,Colonia,San Clemente Norte,01001
01740,Ciudad de México,Álvaro Obregón,Ciudad de México,Colonia,San Clemente Sur,01001
01750,Ciudad de México,Álvaro Obregón,Ciudad de México,Colonia,Las Águilas 1a Sección,01001
01750,Ciudad de México,Álvaro Obregón,Ciudad de México,Colonia,Las Águilas 2o Parque,01001
01750,Ciudad de México,Álvaro Obregón,Ciudad de México,Colonia,Las Águilas 3er. Parque,01001
01759,Ciudad de México,Álvaro Obregón,Ciudad de México,Colonia,Ampliación Las Águilas,01001
01760,Ciudad de México,Álvaro Obregón,Ciudad de México,Colonia,Atlamaya,01001
01760,Ciudad de México,Álvaro Obregón,Ciudad de México,Colonia,Flor de María,01001
01760,Ciudad de México,Álvaro Obregón,Ciudad de México,Colonia,La Herradura del Pueblo Tetelpan,01001
01770,Ciudad de México,Álvaro Obregón,Ciudad de México,Colonia,La Angostura,01001
01770,Ciudad de México,Álvaro Obregón,Ciudad de México,Colonia,San José del Olivar,01001
01780,Ciudad de México,Álvaro Obregón,Ciudad de México,Colonia,Olivar de los Padres,01001
01780,Ciudad de México,Álvaro Obregón,Ciudad de México,Colonia,Tizampampano del Pueblo Tetelpan,01001
01789,Ciudad de México,Álvaro Obregón,Ciudad de México,Colonia,Miguel Hidalgo,01001
01790,Ciudad de México,Álvaro Obregón,Ciudad de México,Colonia,Lomas de los Ángeles del Pueblo Tetelpan,01001
01790,Ciudad de México,Álvaro Obregón,Ciudad de México,Colonia,Lomas de San Ángel Inn,01001
01800,Ciudad de México,Álvaro Obregón,Ciudad de México,Pueblo,San Bartolo Ameyalco,01001
01807,Ciudad de México,Álvaro Obregón,Ciudad de México,Colonia,Rancho San Francisco Pueblo San Bartolo Ameyalco,01001
01810,Ciudad de México,Álvaro Obregón,Ciudad de México,Colonia,Villa Verdún,01001
01820,Ciudad de México,Álvaro Obregón,Ciudad de México,Colonia,Lomas Axomiatla,01001
01820,Ciudad de México,Álvaro Obregón,Ciudad de México,Colonia,Ejido San Mateo,01001
01830,Ciudad de México,Álvaro Obregón,Ciudad de México,Pueblo,Santa Rosa Xochiac,01001
01840,Ciudad de México,Álvaro Obregón,Ciudad de México,Colonia,Torres de Potrero,01001
01849,Ciudad de México,Álvaro Obregón,Ciudad de México,Colonia,Rincón de la Bolsa,01001
01849,Ciudad de México,Álvaro Obregón,Ciudad de México,Colonia,Rancho del Carmen del Pueblo San Bartolo Ameyalco,01001
11270,Ciudad de México,Miguel Hidalgo,Ciudad de México,Colonia,Argentina Antigua,11411
11280,Ciudad de México,Miguel Hidalgo,Ciudad de México,Colonia,Torre Blanca,11411
11289,Ciudad de México,Miguel Hidalgo,Ciudad de México,Colonia,Ampliación Torre Blanca,11411
11290,Ciudad de México,Miguel Hidalgo,Ciudad de México,Colonia,Huíchapan,11411
11290,Ciudad de México,Miguel Hidalgo,Ciudad de México,Colonia,San Diego Ocoyoacac,11411
11300,Ciudad de México,Miguel Hidalgo,Ciudad de México,Colonia,Verónica Anzures,11411
11310,Ciudad de México,Miguel Hidalgo,Ciudad de México,Colonia,Mariano Escobedo,11411
11320,Ciudad de México,Miguel Hidalgo,Ciudad de México,Colonia,Anáhuac I Sección,11411
11320,Ciudad de México,Miguel Hidalgo,Ciudad de México,Colonia,Anáhuac II Sección,11411
11330,Ciudad de México,Miguel Hidalgo,Ciudad de México,Colonia,Un Hogar Para Nosotros,11411
11340,Ciudad de México,Miguel Hidalgo,Ciudad de México,Colonia,Santo Tomas,11411
11350,Ciudad de México,Miguel Hidalgo,Ciudad de México,Colonia,Plutarco Elías Calles,11411
11360,Ciudad de México,Miguel Hidalgo,Ciudad de México,Colonia,Agricultura,11411
11370,Ciudad de México,Miguel Hidalgo,Ciudad de México,Colonia,Tlaxpana,11411
11400,Ciudad de México,Miguel Hidalgo,Ciudad de México,Colonia,Popotla,11411
11410,Ciudad de México,Miguel Hidalgo,Ciudad de México,Colonia,Legaria,11411
11410,Ciudad de México,Miguel Hidalgo,Ciudad de México,Pueblo,Tacuba,11411
11420,Ciudad de México,Miguel Hidalgo,Ciudad de México,Colonia,Nextitla,11411
11430,Ciudad de México,Miguel Hidalgo,Ciudad de México,Colonia,Pensil Norte,11411
11430,Ciudad de México,Miguel Hidalgo,Ciudad de México,Colonia,Ventura Pérez de Alva,11411
11440,Ciudad de México,Miguel Hidalgo,Ciudad de México,Colonia,Reforma Pensil,11411
11440,Ciudad de México,Miguel Hidalgo,Ciudad de México,Colonia,San Juanico,11411
11450,Ciudad de México,Miguel Hidalgo,Ciudad de México,Colonia,Ahuehuetes Anáhuac,11411
11450,Ciudad de México,Miguel Hidalgo,Ciudad de México,Colonia,Modelo Pensil,11411
11450,Ciudad de México,Miguel Hidalgo,Ciudad de México,Colonia,Peralitos,11411
11460,Ciudad de México,Miguel Hidalgo,Ciudad de México,Colonia,Dos Lagos,11411
11460,Ciudad de México,Miguel Hidalgo,Ciudad de México,Colonia,Lago Norte,11411
11460,Ciudad de México,Miguel Hidalgo,Ciudad de México,Colonia,Lago Sur,11411
11460,Ciudad de México,Miguel Hidalgo,Ciudad de México,Colonia,Los Manzanos,11411
11470,Ciudad de México,Miguel Hidalgo,Ciudad de México,Colonia,5 de Mayo,11411
11470,Ciudad de México,Miguel Hidalgo,Ciudad de México,Colonia,Deportivo Pensil,11411
11480,Ciudad de México,Miguel Hidalgo,Ciudad de México,Colonia,Francisco I Madero,11411
11480,Ciudad de México,Miguel Hidalgo,Ciudad de México,Colonia,Popo,11411
11489,Ciudad de México,Miguel Hidalgo,Ciudad de México,Colonia,Ampliación Popo,11411
11490,Ciudad de México,Miguel Hidalgo,Ciudad de México,Colonia,Cuauhtémoc Pensil,11411
11490,Ciudad de México,Miguel Hidalgo,Ciudad de México,Colonia,Pensil Sur,11411
11500,Ciudad de México,Miguel Hidalgo,Ciudad de México,Colonia,Irrigación,11591
11510,Ciudad de México,Miguel Hidalgo,Ciudad de México,Colonia,Polanco I Sección,11591
11520,Ciudad de México,Miguel Hidalgo,Ciudad de México,Colonia,Granada,11591
11529,Ciudad de México,Miguel Hidalgo,Ciudad de México,Colonia,Ampliación Granada,11591
11530,Ciudad de México,Miguel Hidalgo,Ciudad de México,Colonia,Polanco II Sección,11591
11540,Ciudad de México,Miguel Hidalgo,Ciudad de México,Colonia,Polanco III Sección,11591
11550,Ciudad de México,Miguel Hidalgo,Ciudad de México,Colonia,Polanco IV Sección,11591
11560,Ciudad de México,Miguel Hidalgo,Ciudad de México,Colonia,Polanco V Sección,11591
11570,Ciudad de México,Miguel Hidalgo,Ciudad de México,Colonia,Chapultepec Morales,11591
11580,Ciudad de México,Miguel Hidalgo,Ciudad de México,Equipamiento,Bosque de Chapultepec I Sección,11591
11590,Ciudad de México,Miguel Hidalgo,Ciudad de México,Colonia,Anzures,11591
11600,Ciudad de México,Miguel Hidalgo,Ciudad de México,Colonia,Residencial Militar,11801
11610,Ciudad de México,Miguel Hidalgo,Ciudad de México,Colonia,Manuel Ávila Camacho,11801
11619,Ciudad de México,Miguel Hidalgo,Ciudad de México,Equipamiento,Campo Militar 1,53001
01000,Ciudad de México,Álvaro Obregón,Ciudad de México,Colonia,San Ángel,01001
01010,Ciudad de México,Álvaro Obregón,Ciudad de México,Colonia,Los Alpes,01001
01020,Ciudad de México,Álvaro Obregón,Ciudad de México,Colonia,Guadalupe Inn,01001
01030,Ciudad de México,Álvaro Obregón,Ciudad de México,Pueblo,Axotla,01001
01030,Ciudad de México,Álvaro Obregón,Ciudad de México,Colonia,Florida,01001
01040,Ciudad de México,Álvaro Obregón,Ciudad de México,Colonia,Campestre,01001
01049,Ciudad de México,Álvaro Obregón,Ciudad de México,Pueblo,Tlacopac,01001
01050,Ciudad de México,Álvaro Obregón,Ciudad de México,Colonia,Ex-Hacienda de Guadalupe Chimalistac,01001
01060,Ciudad de México,Álvaro Obregón,Ciudad de México,Colonia,Altavista,01001
01060,Ciudad de México,Álvaro Obregón,Ciudad de México,Colonia,San Ángel Inn,01001
01070,Ciudad de México,Álvaro Obregón,Ciudad de México,Colonia,Chimalistac,01001
01080,Ciudad de México,Álvaro Obregón,Ciudad de México,Colonia,Progreso Tizapan,01001
01089,Ciudad de México,Álvaro Obregón,Ciudad de México,Colonia,Ermita Tizapan,01001
01090,Ciudad de México,Álvaro Obregón,Ciudad de México,Barrio,La Otra Banda,01001
01090,Ciudad de México,Álvaro Obregón,Ciudad de México,Barrio,Loreto,01001
01090,Ciudad de México,Álvaro Obregón,Ciudad de México,Pueblo,Tizapan,01001
01100,Ciudad de México,Álvaro Obregón,Ciudad de México,Colonia,Pólvora,01131
01109,Ciudad de México,Álvaro Obregón,Ciudad de México,Colonia,La Conchita,01131
01110,Ciudad de México,Álvaro Obregón,Ciudad de México,Colonia,Belém de las Flores,01131
01110,Ciudad de México,Álvaro Obregón,Ciudad de México,Colonia,El Capulín,01131
01110,Ciudad de México,Álvaro Obregón,Ciudad de México,Colonia,Ampliación El Capulín,01131
01110,Ciudad de México,Álvaro Obregón,Ciudad de México,Colonia,Liberales de 1857,01131
01120,Ciudad de México,Álvaro Obregón,Ciudad de México,Colonia,Acueducto,01131
01120,Ciudad de México,Álvaro Obregón,Ciudad de México,Colonia,Cove,01131
01120,Ciudad de México,Álvaro Obregón,Ciudad de México,Colonia,Hidalgo,01131
01120,Ciudad de México,Álvaro Obregón,Ciudad de México,Colonia,Las Américas,01131
01125,Ciudad de México,Álvaro Obregón,Ciudad de México,Colonia,Ampliación Acueducto,01131
01130,Ciudad de México,Álvaro Obregón,Ciudad de México,Colonia,Paraíso,01131
01130,Ciudad de México,Álvaro Obregón,Ciudad de México,Colonia,Molino de Santo Domingo,01131
01130,Ciudad de México,Álvaro Obregón,Ciudad de México,Colonia,Real del Monte,01131
01139,Ciudad de México,Álvaro Obregón,Ciudad de México,Colonia,Reacomodo Pino Suárez,01131
01140,Ciudad de México,Álvaro Obregón,Ciudad de México,Colonia,Bellavista,01131
01140,Ciudad de México,Álvaro Obregón,Ciudad de México,Colonia,José Maria Pino Suárez,01131
01150,Ciudad de México,Álvaro Obregón,Ciudad de México,Colonia,Cristo Rey,01131
01150,Ciudad de México,Álvaro Obregón,Ciudad de México,Colonia,Tolteca,01131
01160,Ciudad de México,Álvaro Obregón,Ciudad de México,Colonia,Bosque,01131
01160,Ciudad de México,Álvaro Obregón,Ciudad de México,Colonia,Isidro Fabela,01131
01160,Ciudad de México,Álvaro Obregón,Ciudad de México,Colonia,Maria G. de García Ruiz,01131
01160,Ciudad de México,Álvaro Obregón,Ciudad de México,Colonia,1a Victoria,01131
01170,Ciudad de México,Álvaro Obregón,Ciudad de México,Colonia,Abraham M. González,01131
01180,Ciudad de México,Álvaro Obregón,Ciudad de México,Colonia,Carola,01131
01180,Ciudad de México,Álvaro Obregón,Ciudad de México,Colonia,8 de Agosto,01131
01180,Ciudad de México,Álvaro Obregón,Ciudad de México,Colonia,San Pedro de los Pinos,01131
01200,Ciudad de México,Álvaro Obregón,Ciudad de México,Colonia,Arturo Martínez,01401
01210,Ciudad de México,Álvaro Obregón,Ciudad de México,Pueblo,Santa Fe,01401
01219,Ciudad de México,Álvaro Obregón,Ciudad de México,Colonia,Lomas de Santa Fe,01401
01220,Ciudad de México,Álvaro Obregón,Ciudad de México,Colonia,Bonanza,01401
01220,Ciudad de México,Álvaro Obregón,Ciudad de México,Colonia,Cuevitas,01401
01220,Ciudad de México,Álvaro Obregón,Ciudad de México,Colonia,El Cuernito,01401
01220,Ciudad de México,Álvaro Obregón,Ciudad de México,Colonia,Mártires de Tacubaya,01401
01220,Ciudad de México,Álvaro Obregón,Ciudad de México,Colonia,Zenón Delgado,01401
07180,Ciudad de México,Gustavo A. Madero,Ciudad de México,Colonia,Ampliación Cocoyotes,07201
07183,Ciudad de México,Gustavo A. Madero,Ciudad de México,Colonia,6 de Junio,07201
07187,Ciudad de México,Gustavo A. Madero,Ciudad de México,Colonia,Vista Hermosa,07201
07188,Ciudad de México,Gustavo A. Madero,Ciudad de México,Colonia,Tlalpexco,07201
07189,Ciudad de México,Gustavo A. Madero,Ciudad de México,Colonia,Ahuehuetes,07201
07190,Ciudad de México,Gustavo A. Madero,Ciudad de México,Colonia,Valle de Madero,07201
07199,Ciudad de México,Gustavo A. Madero,Ciudad de México,Colonia,Del Carmen,07201
07200,Ciudad de México,Gustavo A. Madero,Ciudad de México,Colonia,Cuautepec de Madero,07201
07207,Ciudad de México,Gustavo A. Madero,Ciudad de México,Colonia,Del Bosque,07201
07209,Ciudad de México,Gustavo A. Madero,Ciudad de México,Colonia,Guadalupe Victoria Cuautepec,07201
07210,Ciudad de México,Gustavo A. Madero,Ciudad de México,Colonia,Chalma de Guadalupe,07201
07214,Ciudad de México,Gustavo A. Madero,Ciudad de México,Colonia,Ampliación Chalma de Guadalupe,07201
07220,Ciudad de México,Gustavo A. Madero,Ciudad de México,Colonia,Castillo Chico,07201
07220,Ciudad de México,Gustavo A. Madero,Ciudad de México,Colonia,Castillo Grande,07201
07224,Ciudad de México,Gustavo A. Madero,Ciudad de México,Colonia,Ampliación Castillo Grande,07201
07230,Ciudad de México,Gustavo A. Madero,Ciudad de México,Colonia,Zona Escolar,07201
07239,Ciudad de México,Gustavo A. Madero,Ciudad de México,Colonia,Zona Escolar Oriente,07201
07240,Ciudad de México,Gustavo A. Madero,Ciudad de México,Colonia,El Arbolillo,07201
07250,Ciudad de México,Gustavo A. Madero,Ciudad de México,Colonia,Benito Juárez,07201
07259,Ciudad de México,Gustavo A. Madero,Ciudad de México,Colonia,Ampliación Benito Juárez,07201
07268,Ciudad de México,Gustavo A. Madero,Ciudad de México,Colonia,Solidaridad Nacional,07201
07270,Ciudad de México,Gustavo A. Madero,Ciudad de México,Colonia,Residencial Acueducto de Guadalupe,07201
07279,Ciudad de México,Gustavo A. Madero,Ciudad de México,Colonia,Acueducto de Guadalupe,07201
07280,Ciudad de México,Gustavo A. Madero,Ciudad de México,Colonia,Jorge Negrete,07201
07290,Ciudad de México,Gustavo A. Madero,Ciudad de México,Colonia,La Pastora,07201
07300,Ciudad de México,Gustavo A. Madero,Ciudad de México,Colonia,Lindavista Norte,07051
07300,Ciudad de México,Gustavo A. Madero,Ciudad de México,Colonia,Lindavista Sur,07051
07310,Ciudad de México,Gustavo A. Madero,Ciudad de México,Barrio,Candelaria Ticomán,07311
07320,Ciudad de México,Gustavo A. Madero,Ciudad de México,Barrio,La Purísima Ticomán,07311
07320,Ciudad de México,Gustavo A. Madero,Ciudad de México,Colonia,Residencial la Escalera,07311
07330,Ciudad de México,Gustavo A. Madero,Ciudad de México,Colonia,Santa María Ticomán,07311
07340,Ciudad de México,Gustavo A. Madero,Ciudad de México,Barrio,La Laguna Ticomán,07311
07340,Ciudad de México,Gustavo A. Madero,Ciudad de México,Colonia,San José Ticomán,07311
07350,Ciudad de México,Gustavo A. Madero,Ciudad de México,Barrio,Guadalupe Ticomán,07311
07350,Ciudad de México,Gustavo A. Madero,Ciudad de México,Barrio,San Juan y Guadalupe Ticomán,07311
07359,Ciudad de México,Gustavo A. Madero,Ciudad de México,Barrio,San Rafael Ticomán,07311
07360,Ciudad de México,Gustavo A. Madero,Ciudad de México,Colonia,San Pedro Zacatenco,07051
07369,Ciudad de México,Gustavo A. Madero,Ciudad de México,Colonia,Residencial Zacatenco,07051
07370,Ciudad de México,Gustavo A. Madero,Ciudad de México,Colonia,Capultitlan,07001
07380,Ciudad de México,Gustavo A. Madero,Ciudad de México,Colonia,Maximino Ávila Camacho,07001
07380,Ciudad de México,Gustavo A. Madero,Ciudad de México,Colonia,Tlacamaca,07001
07400,Ciudad de México,Gustavo A. Madero,Ciudad de México,Colonia,Salvador Díaz Mirón,07001
07410,Ciudad de México,Gustavo A. Madero,Ciudad de México,Colonia,Juan González Romero,07001
07410,Ciudad de México,Gustavo A. Madero,Ciudad de México,Colonia,Villa Hermosa,07001
07420,Ciudad de México,Gustavo A. Madero,Ciudad de México,Colonia,El Coyol,07001
07420,Ciudad de México,Gustavo A. Madero,Ciudad de México,Colonia,Nueva Atzacoalco,07001
07430,Ciudad de México,Gustavo A. Madero,Ciudad de México,Colonia,Del Obrero,07001
07440,Ciudad de México,Gustavo A. Madero,Ciudad de México,Colonia,Vasco de Quiroga,07001
07450,Ciudad de México,Gustavo A. Madero,Ciudad de México,Colonia,DM Nacional,07001
07455,Ciudad de México,Gustavo A. Madero,Ciudad de México,Colonia,Ferrocarrilera,07001
07456,Ciudad de México,Gustavo A. Madero,Ciudad de México,Colonia,LI Legislatura,07001
07460,Ciudad de México,Gustavo A. Madero,Ciudad de México,Colonia,Granjas Modernas,07001
07469,Ciudad de México,Gustavo A. Madero,Ciudad de México,Colonia,Constitución de la República,07001
07470,Ciudad de México,Gustavo A. Madero,Ciudad de México,Colonia,Ampliación San Juan de Aragón,07001
07480,Ciudad de México,Gustavo A. Madero,Ciudad de México,Colonia,San Pedro El Chico,07001
07500,Ciudad de México,Gustavo A. Madero,Ciudad de México,Colonia,La Pradera,07501
01857,Ciudad de México,Álvaro Obregón,Ciudad de México,Colonia,Lomas de Chamontoya,01001
01859,Ciudad de México,Álvaro Obregón,Ciudad de México,Colonia,Tlacoyaque,01001
01860,Ciudad de México,Álvaro Obregón,Ciudad de México,Colonia,Lomas de La Era,01001
01863,Ciudad de México,Álvaro Obregón,Ciudad de México,Colonia,Lomas del Capulín,01001
01870,Ciudad de México,Álvaro Obregón,Ciudad de México,Colonia,Lomas de los Cedros,01001
01900,Ciudad de México,Álvaro Obregón,Ciudad de México,Colonia,Jardines del Pedregal,01001
01904,Ciudad de México,Álvaro Obregón,Ciudad de México,Colonia,San Jerónimo Aculco,01001
02000,Ciudad de México,Azcapotzalco,Ciudad de México,Colonia,Centro de Azcapotzalco,02011
02010,Ciudad de México,Azcapotzalco,Ciudad de México,Barrio,Los Reyes,02011
02010,Ciudad de México,Azcapotzalco,Ciudad de México,Colonia,San Rafael,02011
02010,Ciudad de México,Azcapotzalco,Ciudad de México,Barrio,Nuevo Barrio San Rafael,02011
02020,Ciudad de México,Azcapotzalco,Ciudad de México,Barrio,San Marcos,02011
02020,Ciudad de México,Azcapotzalco,Ciudad de México,Colonia,Santo Tomás,02011
02040,Ciudad de México,Azcapotzalco,Ciudad de México,Colonia,Del Maestro,02011
02040,Ciudad de México,Azcapotzalco,Ciudad de México,Colonia,San Sebastián,02011
02050,Ciudad de México,Azcapotzalco,Ciudad de México,Colonia,Libertad,02011
02050,Ciudad de México,Azcapotzalco,Ciudad de México,Pueblo,Santa María Malinalco,02011
02060,Ciudad de México,Azcapotzalco,Ciudad de México,Colonia,Sindicato Mexicano de Electricistas,02011
02060,Ciudad de México,Azcapotzalco,Ciudad de México,Colonia,Un Hogar Para Cada Trabajador,02011
02070,Ciudad de México,Azcapotzalco,Ciudad de México,Colonia,Del Recreo,02011
02070,Ciudad de México,Azcapotzalco,Ciudad de México,Barrio,Nextengo,02011
02080,Ciudad de México,Azcapotzalco,Ciudad de México,Colonia,Clavería,02011
02080,Ciudad de México,Azcapotzalco,Ciudad de México,Colonia,Sector Naval,02011
02090,Ciudad de México,Azcapotzalco,Ciudad de México,Colonia,San Álvaro,02011
02099,Ciudad de México,Azcapotzalco,Ciudad de México,Colonia,Ángel Zimbrón,02011
02100,Ciudad de México,Azcapotzalco,Ciudad de México,Colonia,El Rosario,02011
02120,Ciudad de México,Azcapotzalco,Ciudad de México,Pueblo,San Martín Xochinahuac,02011
02128,Ciudad de México,Azcapotzalco,Ciudad de México,Colonia,Nueva El Rosario,02011
02129,Ciudad de México,Azcapotzalco,Ciudad de México,Colonia,Nueva España,02011
02130,Ciudad de México,Azcapotzalco,Ciudad de México,Colonia,Tierra Nueva,02011
02140,Ciudad de México,Azcapotzalco,Ciudad de México,Colonia,Santa Inés,02011
02150,Ciudad de México,Azcapotzalco,Ciudad de México,Colonia,Pasteros,02011
02160,Ciudad de México,Azcapotzalco,Ciudad de México,Pueblo,Santo Domingo,02011
02200,Ciudad de México,Azcapotzalco,Ciudad de México,Colonia,Reynosa Tamaulipas,02011
02230,Ciudad de México,Azcapotzalco,Ciudad de México,Pueblo,Santa Bárbara,02011
02240,Ciudad de México,Azcapotzalco,Ciudad de México,Barrio,San Andrés,02011
02240,Ciudad de México,Azcapotzalco,Ciudad de México,Pueblo,San Andrés,02011
02250,Ciudad de México,Azcapotzalco,Ciudad de México,Pueblo,Santa Catarina,02011
02300,Ciudad de México,Azcapotzalco,Ciudad de México,Colonia,Industrial Vallejo,02601
02310,Ciudad de México,Azcapotzalco,Ciudad de México,Colonia,Ferrería,02601
02320,Ciudad de México,Azcapotzalco,Ciudad de México,Pueblo,San Andrés de las Salinas,02601
02330,Ciudad de México,Azcapotzalco,Ciudad de México,Barrio,Huautla de las Salinas,02601
02340,Ciudad de México,Azcapotzalco,Ciudad de México,Colonia,Santa Cruz de las Salinas,02601
02360,Ciudad de México,Azcapotzalco,Ciudad de México,Colonia,Las Salinas,02601
02400,Ciudad de México,Azcapotzalco,Ciudad de México,Pueblo,San Juan Tlihuaca,02431
02410,Ciudad de México,Azcapotzalco,Ciudad de México,Colonia,Prados del Rosario,02431
02420,Ciudad de México,Azcapotzalco,Ciudad de México,Colonia,Ex-Hacienda El Rosario,02431
02440,Ciudad de México,Azcapotzalco,Ciudad de México,Colonia,Providencia,02431
02459,Ciudad de México,Azcapotzalco,Ciudad de México,Colonia,Tezozomoc,02431
02460,Ciudad de México,Azcapotzalco,Ciudad de México,Colonia,La Preciosa,02431
02470,Ciudad de México,Azcapotzalco,Ciudad de México,Colonia,Ampliación Petrolera,02431
09360,Ciudad de México,Iztapalapa,Ciudad de México,Barrio,San Miguel,09201
09360,Ciudad de México,Iztapalapa,Ciudad de México,Colonia,Ampliación San Miguel,09201
09400,Ciudad de México,Iztapalapa,Ciudad de México,Pueblo,San Juanico Nextipac,09081
09400,Ciudad de México,Iztapalapa,Ciudad de México,Colonia,El Sifón,09081
09410,Ciudad de México,Iztapalapa,Ciudad de México,Pueblo,Aculco,09081
09410,Ciudad de México,Iztapalapa,Ciudad de México,Colonia,Jardines de Churubusco,09081
09410,Ciudad de México,Iztapalapa,Ciudad de México,Pueblo,Magdalena Atlazolpa,09081
09410,Ciudad de México,Iztapalapa,Ciudad de México,Colonia,San José Aculco,09081
09420,Ciudad de México,Iztapalapa,Ciudad de México,Colonia,Los Picos VI-B,09081
09420,Ciudad de México,Iztapalapa,Ciudad de México,Colonia,Nueva Rosita,09081
09429,Ciudad de México,Iztapalapa,Ciudad de México,Colonia,Purísima Atlazolpa,09081
09430,Ciudad de México,Iztapalapa,Ciudad de México,Colonia,Apatlaco,09081
09430,Ciudad de México,Iztapalapa,Ciudad de México,Colonia,El Triunfo,09081
09438,Ciudad de México,Iztapalapa,Ciudad de México,Colonia,Ampliación El Triunfo,09081
09440,Ciudad de México,Iztapalapa,Ciudad de México,Colonia,El Retoño,09081
09440,Ciudad de México,Iztapalapa,Ciudad de México,Colonia,San Andrés Tetepilco,09081
09440,Ciudad de México,Iztapalapa,Ciudad de México,Colonia,Zacahuitzco,09081
09450,Ciudad de México,Iztapalapa,Ciudad de México,Colonia,Banjidal,09081
09460,Ciudad de México,Iztapalapa,Ciudad de México,Colonia,Justo Sierra,09081
09470,Ciudad de México,Iztapalapa,Ciudad de México,Colonia,Sinatel,09081
09479,Ciudad de México,Iztapalapa,Ciudad de México,Colonia,Ampliación Sinatel,09081
09480,Ciudad de México,Iztapalapa,Ciudad de México,Colonia,El Prado,09081
09500,Ciudad de México,Iztapalapa,Ciudad de México,Pueblo,Santa María Aztahuacán,09511
09500,Ciudad de México,Iztapalapa,Ciudad de México,Colonia,Santa María Aztahuacán Ampliación,09511
09510,Ciudad de México,Iztapalapa,Ciudad de México,Pueblo,Santa Martha Acatitla,09511
09520,Ciudad de México,Iztapalapa,Ciudad de México,Colonia,El Edén,09511
09520,Ciudad de México,Iztapalapa,Ciudad de México,Pueblo,San Sebastián Tecoloxtitla,09511
09530,Ciudad de México,Iztapalapa,Ciudad de México,Colonia,Santa Martha Acatitla Sur,09511
09550,Ciudad de México,Iztapalapa,Ciudad de México,Colonia,Monte Alban,09511
09560,Ciudad de México,Iztapalapa,Ciudad de México,Colonia,Paraje Zacatepec,09511
09570,Ciudad de México,Iztapalapa,Ciudad de México,Colonia,Santa María Aztahuacán,09511
09578,Ciudad de México,Iztapalapa,Ciudad de México,Colonia,Ejército de Agua Prieta,09511
09600,Ciudad de México,Iztapalapa,Ciudad de México,Pueblo,Santiago Acahualtepec,09511
09608,Ciudad de México,Iztapalapa,Ciudad de México,Colonia,Santiago Acahualtepec 1ra. Ampliación,09511
09609,Ciudad de México,Iztapalapa,Ciudad de México,Colonia,Santiago Acahualtepec 2a. Ampliación,09511
09620,Ciudad de México,Iztapalapa,Ciudad de México,Colonia,Lomas de Zaragoza,09511
09630,Ciudad de México,Iztapalapa,Ciudad de México,Colonia,San Miguel Teotongo Sección Corrales,09511
09630,Ciudad de México,Iztapalapa,Ciudad de México,Colonia,San Miguel Teotongo Sección Acorralado,09511
09630,Ciudad de México,Iztapalapa,Ciudad de México,Colonia,San Miguel Teotongo Sección Avisadero,09511
09630,Ciudad de México,Iztapalapa,Ciudad de México,Colonia,San Miguel Teotongo Sección Capilla,09511
09630,Ciudad de México,Iztapalapa,Ciudad de México,Colonia,San Miguel Teotongo Sección Guadalupe,09511
09630,Ciudad de México,Iztapalapa,Ciudad de México,Colonia,San Miguel Teotongo Sección Iztlahuaca,09511
09630,Ciudad de México,Iztapalapa,Ciudad de México,Colonia,San Miguel Teotongo Sección Jardines,09511
09630,Ciudad de México,Iztapalapa,Ciudad de México,Colonia,San Miguel Teotongo Sección La Cruz,09511
09630,Ciudad de México,Iztapalapa,Ciudad de México,Colonia,San Miguel Teotongo Sección Loma Alta,09511
09630,Ciudad de México,Iztapalapa,Ciudad de México,Colonia,San Miguel Teotongo Sección Mercedes,09511
09630,Ciudad de México,Iztapalapa,Ciudad de México,Colonia,San Miguel Teotongo Sección Palmitas,09511
09630,Ciudad de México,Iztapalapa,Ciudad de México,Colonia,San Miguel Teotongo Sección Puente,09511
09630,Ciudad de México,Iztapalapa,Ciudad de México,Colonia,San Miguel Teotongo Sección Ranchito,09511
09630,Ciudad de México,Iztapalapa,Ciudad de México,Colonia,San Miguel Teotongo Sección Rancho Bajo,09511
09630,Ciudad de México,Iztapalapa,Ciudad de México,Colonia,San Miguel Teotongo Sección Torres,09511
09637,Ciudad de México,Iztapalapa,Ciudad de México,Colonia,Campestre Potrero,09511
09638,Ciudad de México,Iztapalapa,Ciudad de México,Colonia,Ampliación Emiliano Zapata,09511
09640,Ciudad de México,Iztapalapa,Ciudad de México,Colonia,Lomas de la Estancia,09511
09640,Ciudad de México,Iztapalapa,Ciudad de México,Colonia,Xalpa,09511
02480,Ciudad de México,Azcapotzalco,Ciudad de México,Colonia,Petrolera,02431
02490,Ciudad de México,Azcapotzalco,Ciudad de México,Barrio,San Mateo,02431
02500,Ciudad de México,Azcapotzalco,Ciudad de México,Colonia,Unidad Cuitláhuac,02011
02519,Ciudad de México,Azcapotzalco,Ciudad de México,Colonia,El Jagüey,02011
02520,Ciudad de México,Azcapotzalco,Ciudad de México,Equipamiento,Estación Pantaco,02601
02530,Ciudad de México,Azcapotzalco,Ciudad de México,Colonia,Jardín Azpeitia,02011
02600,Ciudad de México,Azcapotzalco,Ciudad de México,Colonia,Pro-Hogar,02601
02630,Ciudad de México,Azcapotzalco,Ciudad de México,Barrio,Coltongo,02601
02630,Ciudad de México,Azcapotzalco,Ciudad de México,Colonia,Coltongo,02601
02640,Ciudad de México,Azcapotzalco,Ciudad de México,Colonia,Monte Alto,02601
02650,Ciudad de México,Azcapotzalco,Ciudad de México,Colonia,Trabajadores de Hierro,02601
02660,Ciudad de México,Azcapotzalco,Ciudad de México,Colonia,Euzkadi,02601
02670,Ciudad de México,Azcapotzalco,Ciudad de México,Colonia,Cosmopolita,02601
02680,Ciudad de México,Azcapotzalco,Ciudad de México,Colonia,Potrero del Llano,02601
02700,Ciudad de México,Azcapotzalco,Ciudad de México,Pueblo,San Miguel Amantla,02431
02710,Ciudad de México,Azcapotzalco,Ciudad de México,Pueblo,San Pedro Xalpa,02431
02719,Ciudad de México,Azcapotzalco,Ciudad de México,Colonia,Ampliación San Pedro Xalpa,02431
02720,Ciudad de México,Azcapotzalco,Ciudad de México,Colonia,San Antonio,02431
02720,Ciudad de México,Azcapotzalco,Ciudad de México,Pueblo,San Bartolo Cahualtongo,02431
02730,Ciudad de México,Azcapotzalco,Ciudad de México,Pueblo,San Francisco Tetecala,02431
02750,Ciudad de México,Azcapotzalco,Ciudad de México,Pueblo,Santiago Ahuizotla,02431
02760,Ciudad de México,Azcapotzalco,Ciudad de México,Colonia,Industrial San Antonio,02431
02760,Ciudad de México,Azcapotzalco,Ciudad de México,Barrio,Santa Lucía,02431
02770,Ciudad de México,Azcapotzalco,Ciudad de México,Pueblo,Santa Cruz Acayucan,02431
02780,Ciudad de México,Azcapotzalco,Ciudad de México,Colonia,Plenitud,02431
02790,Ciudad de México,Azcapotzalco,Ciudad de México,Barrio,Santa Apolonia,02431
02800,Ciudad de México,Azcapotzalco,Ciudad de México,Colonia,Nueva Santa María,02601
02810,Ciudad de México,Azcapotzalco,Ciudad de México,Colonia,Ignacio Allende,02601
02810,Ciudad de México,Azcapotzalco,Ciudad de México,Colonia,Victoria de las Democracias,02601
02830,Ciudad de México,Azcapotzalco,Ciudad de México,Barrio,San Bernabé,02601
02840,Ciudad de México,Azcapotzalco,Ciudad de México,Colonia,Obrero Popular,02601
02860,Ciudad de México,Azcapotzalco,Ciudad de México,Colonia,Tlatilco,02601
02870,Ciudad de México,Azcapotzalco,Ciudad de México,Colonia,San Salvador Xochimanca,02601
02900,Ciudad de México,Azcapotzalco,Ciudad de México,Colonia,Aguilera,02601
02910,Ciudad de México,Azcapotzalco,Ciudad de México,Colonia,Aldana,02601
02920,Ciudad de México,Azcapotzalco,Ciudad de México,Colonia,Ampliación Cosmopolita,02601
02930,Ciudad de México,Azcapotzalco,Ciudad de México,Colonia,Liberación,02601
02940,Ciudad de México,Azcapotzalco,Ciudad de México,Colonia,Porvenir,02601
02950,Ciudad de México,Azcapotzalco,Ciudad de México,Colonia,Del Gas,02601
02960,Ciudad de México,Azcapotzalco,Ciudad de México,Pueblo,San Francisco Xocotitla,02601
02970,Ciudad de México,Azcapotzalco,Ciudad de México,Colonia,Ampliación Del Gas,02601
02980,Ciudad de México,Azcapotzalco,Ciudad de México,Colonia,Arenal,02601
02980,Ciudad de México,Azcapotzalco,Ciudad de México,Colonia,Patrimonio Familiar,02601
02990,Ciudad de México,Azcapotzalco,Ciudad de México,Colonia,La Raza,02601
03000,Ciudad de México,Benito Juárez,Ciudad de México,Colonia,Piedad Narvarte,03001
03010,Ciudad de México,Benito Juárez,Ciudad de México,Colonia,Atenor Salas,03001
03020,Ciudad de México,Benito Juárez,Ciudad de México,Colonia,Narvarte Poniente,03001
03023,Ciudad de México,Benito Juárez,Ciudad de México,Colonia,Narvarte Oriente,03001
03100,Ciudad de México,Benito Juárez,Ciudad de México,Colonia,Del Valle Centro,03001
03100,Ciudad de México,Benito Juárez,Ciudad de México,Colonia,Insurgentes San Borja,03001
06720,Ciudad de México,Cuauhtémoc,Ciudad de México,Colonia,Doctores,06401
06760,Ciudad de México,Cuauhtémoc,Ciudad de México,Colonia,Roma Sur,06401
06780,Ciudad de México,Cuauhtémoc,Ciudad de México,Colonia,Buenos Aires,06401
06800,Ciudad de México,Cuauhtémoc,Ciudad de México,Colonia,Obrera,06401
06820,Ciudad de México,Cuauhtémoc,Ciudad de México,Colonia,Tránsito,06401
06840,Ciudad de México,Cuauhtémoc,Ciudad de México,Colonia,Esperanza,06401
06850,Ciudad de México,Cuauhtémoc,Ciudad de México,Colonia,Asturias,06401
06860,Ciudad de México,Cuauhtémoc,Ciudad de México,Colonia,Vista Alegre,06401
06870,Ciudad de México,Cuauhtémoc,Ciudad de México,Colonia,Paulino Navarro,06401
06880,Ciudad de México,Cuauhtémoc,Ciudad de México,Colonia,Algarin,06401
06890,Ciudad de México,Cuauhtémoc,Ciudad de México,Colonia,Ampliación Asturias,06401
06900,Ciudad de México,Cuauhtémoc,Ciudad de México,Colonia,Nonoalco Tlatelolco,06401
06920,Ciudad de México,Cuauhtémoc,Ciudad de México,Colonia,San Simón Tolnáhuac,06401
07000,Ciudad de México,Gustavo A. Madero,Ciudad de México,Colonia,Aragón la Villa,07001
07010,Ciudad de México,Gustavo A. Madero,Ciudad de México,Colonia,Rosas del Tepeyac,07001
07010,Ciudad de México,Gustavo A. Madero,Ciudad de México,Colonia,Santa Isabel Tola,07001
07010,Ciudad de México,Gustavo A. Madero,Ciudad de México,Colonia,Tepetates,07001
07020,Ciudad de México,Gustavo A. Madero,Ciudad de México,Colonia,Tepeyac Insurgentes,07001
07040,Ciudad de México,Gustavo A. Madero,Ciudad de México,Pueblo,Santiago Atzacoalco,07001
07050,Ciudad de México,Gustavo A. Madero,Ciudad de México,Colonia,Villa Gustavo A. Madero,07001
07058,Ciudad de México,Gustavo A. Madero,Ciudad de México,Colonia,15 de Agosto,07001
07060,Ciudad de México,Gustavo A. Madero,Ciudad de México,Colonia,Estanzuela,07001
07069,Ciudad de México,Gustavo A. Madero,Ciudad de México,Colonia,Triunfo de La República,07001
07070,Ciudad de México,Gustavo A. Madero,Ciudad de México,Colonia,La Cruz,07001
07070,Ciudad de México,Gustavo A. Madero,Ciudad de México,Colonia,Dinamita,07001
07070,Ciudad de México,Gustavo A. Madero,Ciudad de México,Colonia,Martín Carrera,07001
07080,Ciudad de México,Gustavo A. Madero,Ciudad de México,Colonia,Gabriel Hernández,07001
07089,Ciudad de México,Gustavo A. Madero,Ciudad de México,Colonia,Ampliación Gabriel Hernández,07001
07090,Ciudad de México,Gustavo A. Madero,Ciudad de México,Colonia,C.T.M. Atzacoalco,07001
07090,Ciudad de México,Gustavo A. Madero,Ciudad de México,Colonia,C.T.M. El Risco,07001
07100,Ciudad de México,Gustavo A. Madero,Ciudad de México,Colonia,Cuautepec Barrio Alto,07201
07100,Ciudad de México,Gustavo A. Madero,Ciudad de México,Colonia,San Miguel,07201
07109,Ciudad de México,Gustavo A. Madero,Ciudad de México,Colonia,San Antonio,07201
07110,Ciudad de México,Gustavo A. Madero,Ciudad de México,Colonia,Lomas de Cuautepec,07201
07119,Ciudad de México,Gustavo A. Madero,Ciudad de México,Colonia,Malacates,07201
07119,Ciudad de México,Gustavo A. Madero,Ciudad de México,Colonia,Ampliación Malacates,07201
07130,Ciudad de México,Gustavo A. Madero,Ciudad de México,Colonia,Compositores Mexicanos,07201
07130,Ciudad de México,Gustavo A. Madero,Ciudad de México,Colonia,El Tepetatal,07201
07140,Ciudad de México,Gustavo A. Madero,Ciudad de México,Colonia,Arboledas,07201
07140,Ciudad de México,Gustavo A. Madero,Ciudad de México,Colonia,Ampliación Arboledas,07201
07140,Ciudad de México,Gustavo A. Madero,Ciudad de México,Colonia,Forestal,07201
07140,Ciudad de México,Gustavo A. Madero,Ciudad de México,Colonia,Forestal I,07201
07144,Ciudad de México,Gustavo A. Madero,Ciudad de México,Colonia,Forestal II,07201
07144,Ciudad de México,Gustavo A. Madero,Ciudad de México,Colonia,La Lengüeta,07201
07149,Ciudad de México,Gustavo A. Madero,Ciudad de México,Colonia,Parque Metropolitano,07201
07150,Ciudad de México,Gustavo A. Madero,Ciudad de México,Colonia,Juventino Rosas,07201
07150,Ciudad de México,Gustavo A. Madero,Ciudad de México,Colonia,La Casilda,07201
07160,Ciudad de México,Gustavo A. Madero,Ciudad de México,Colonia,Loma La Palma,07201
07164,Ciudad de México,Gustavo A. Madero,Ciudad de México,Colonia,Luis Donaldo Colosio,07201
07164,Ciudad de México,Gustavo A. Madero,Ciudad de México,Colonia,Tlacaélel,07201
07164,Ciudad de México,Gustavo A. Madero,Ciudad de México,Colonia,Graciano Sánchez,07201
07164,Ciudad de México,Gustavo A. Madero,Ciudad de México,Colonia,Prados de Cuautepec,07201
07170,Ciudad de México,Gustavo A. Madero,Ciudad de México,Colonia,Palmatitla,07201
07180,Ciudad de México,Gustavo A. Madero,Ciudad de México,Colonia,Cocoyotes,07201
07180,Ciudad de México,Gustavo A. Madero,Ciudad de México,Colonia,General Felipe Berriozabal,07201
07509,Ciudad de México,Gustavo A. Madero,Ciudad de México,Colonia,Pradera II Sección,07501
07510,Ciudad de México,Gustavo A. Madero,Ciudad de México,Colonia,San Felipe de Jesús,07501
07520,Ciudad de México,Gustavo A. Madero,Ciudad de México,Colonia,25 de Julio,07501
07530,Ciudad de México,Gustavo A. Madero,Ciudad de México,Colonia,Campestre Aragón,07501
07540,Ciudad de México,Gustavo A. Madero,Ciudad de México,Colonia,La Esmeralda,07501
07550,Ciudad de México,Gustavo A. Madero,Ciudad de México,Colonia,Providencia,07501
07560,Ciudad de México,Gustavo A. Madero,Ciudad de México,Colonia,Ampliación Providencia,07501
07570,Ciudad de México,Gustavo A. Madero,Ciudad de México,Colonia,Villa de Aragón,07501
07580,Ciudad de México,Gustavo A. Madero,Ciudad de México,Colonia,Ampliación Casas Alemán,07501
07600,Ciudad de México,Gustavo A. Madero,Ciudad de México,Colonia,Progreso Nacional,07001
07620,Ciudad de México,Gustavo A. Madero,Ciudad de México,Colonia,Santa Rosa,07001
07630,Ciudad de México,Gustavo A. Madero,Ciudad de México,Colonia,San José de la Escalera,07001
07640,Ciudad de México,Gustavo A. Madero,Ciudad de México,Colonia,Santiago Atepetlac,07001
07650,Ciudad de México,Gustavo A. Madero,Ciudad de México,Colonia,Ampliación Progreso Nacional,07001
07670,Ciudad de México,Gustavo A. Madero,Ciudad de México,Colonia,Guadalupe Proletaria,07001
07680,Ciudad de México,Gustavo A. Madero,Ciudad de México,Colonia,Ampliación Guadalupe Proletaria,07001
07700,Ciudad de México,Gustavo A. Madero,Ciudad de México,Colonia,Nueva Industrial Vallejo,07001
07707,Ciudad de México,Gustavo A. Madero,Ciudad de México,Colonia,Siete Maravillas,07001
07708,Ciudad de México,Gustavo A. Madero,Ciudad de México,Colonia,Torres Lindavista,07001
07720,Ciudad de México,Gustavo A. Madero,Ciudad de México,Colonia,Lindavista Vallejo I Sección,07001
07730,Ciudad de México,Gustavo A. Madero,Ciudad de México,Colonia,Churubusco Tepeyac,07051
07730,Ciudad de México,Gustavo A. Madero,Ciudad de México,Colonia,Montevideo,07051
07730,Ciudad de México,Gustavo A. Madero,Ciudad de México,Colonia,San Bartolo Atepehuacan,07051
07739,Ciudad de México,Gustavo A. Madero,Ciudad de México,Colonia,Planetario Lindavista,07051
07740,Ciudad de México,Gustavo A. Madero,Ciudad de México,Colonia,Valle del Tepeyac,07051
07750,Ciudad de México,Gustavo A. Madero,Ciudad de México,Colonia,Nueva Vallejo,07001
07754,Ciudad de México,Gustavo A. Madero,Ciudad de México,Colonia,Lindavista Vallejo III Sección,07001
07755,Ciudad de México,Gustavo A. Madero,Ciudad de México,Colonia,Lindavista Vallejo II Sección,07001
07760,Ciudad de México,Gustavo A. Madero,Ciudad de México,Colonia,Magdalena de las Salinas,07001
07770,Ciudad de México,Gustavo A. Madero,Ciudad de México,Colonia,Panamericana,07001
07770,Ciudad de México,Gustavo A. Madero,Ciudad de México,Colonia,Ampliación Panamericana,07001
07780,Ciudad de México,Gustavo A. Madero,Ciudad de México,Colonia,Defensores de La República,07001
07780,Ciudad de México,Gustavo A. Madero,Ciudad de México,Colonia,Héroe de Nacozari,07001
07790,Ciudad de México,Gustavo A. Madero,Ciudad de México,Colonia,Guadalupe Victoria,07001
07790,Ciudad de México,Gustavo A. Madero,Ciudad de México,Colonia,Vallejo Poniente,07001
07800,Ciudad de México,Gustavo A. Madero,Ciudad de México,Colonia,Industrial,07001
07810,Ciudad de México,Gustavo A. Madero,Ciudad de México,Colonia,Estrella,07001
07820,Ciudad de México,Gustavo A. Madero,Ciudad de México,Colonia,Aragón Inguarán,07001
07820,Ciudad de México,Gustavo A. Madero,Ciudad de México,Colonia,Tres Estrellas,07001
07830,Ciudad de México,Gustavo A. Madero,Ciudad de México,Colonia,Gertrudis Sánchez 1a Sección,07001
07838,Ciudad de México,Gustavo A. Madero,Ciudad de México,Colonia,Gertrudis Sánchez 3a Sección,07001
07839,Ciudad de México,Gustavo A. Madero,Ciudad de México,Colonia,Gertrudis Sánchez 2a Sección,07001
07840,Ciudad de México,Gustavo A. Madero,Ciudad de México,Colonia,Guadalupe Tepeyac,07001
07840,Ciudad de México,Gustavo A. Madero,Ciudad de México,Colonia,7 de Noviembre,07001
07850,Ciudad de México,Gustavo A. Madero,Ciudad de México,Colonia,Bondojito,07001
07850,Ciudad de México,Gustavo A. Madero,Ciudad de México,Colonia,Faja de Oro,07001
07858,Ciudad de México,Gustavo A. Madero,Ciudad de México,Colonia,Ampliación Emiliano Zapata,07001
07859,Ciudad de México,Gustavo A. Madero,Ciudad de México,Colonia,Ampliación Mártires de Río Blanco,07001
07860,Ciudad de México,Gustavo A. Madero,Ciudad de México,Colonia,La Joyita,07001
07860,Ciudad de México,Gustavo A. Madero,Ciudad de México,Colonia,Tablas de San Agustín,07001
07869,Ciudad de México,Gustavo A. Madero,Ciudad de México,Colonia,Belisario Domínguez,07001
07870,Ciudad de México,Gustavo A. Madero,Ciudad de México,Colonia,Guadalupe Insurgentes,07001
07870,Ciudad de México,Gustavo A. Madero,Ciudad de México,Colonia,Vallejo,07001
07880,Ciudad de México,Gustavo A. Madero,Ciudad de México,Colonia,Mártires de Río Blanco,07001
07889,Ciudad de México,Gustavo A. Madero,Ciudad de México,Colonia,Emiliano Zapata,07001
07890,Ciudad de México,Gustavo A. Madero,Ciudad de México,Colonia,Cuchilla La Joya,07001
01220,Ciudad de México,Álvaro Obregón,Ciudad de México,Colonia,La Estrella,01401
01230,Ciudad de México,Álvaro Obregón,Ciudad de México,Colonia,Campo de Tiro los Gamitos,01401
01230,Ciudad de México,Álvaro Obregón,Ciudad de México,Colonia,Los Gamitos,01401
01230,Ciudad de México,Álvaro Obregón,Ciudad de México,Colonia,Tlapechico,01401
01230,Ciudad de México,Álvaro Obregón,Ciudad de México,Colonia,El Piru Santa Fe,01401
01230,Ciudad de México,Álvaro Obregón,Ciudad de México,Colonia,El Piru 2a Ampliación,01401
01239,Ciudad de México,Álvaro Obregón,Ciudad de México,Colonia,La Huerta,01401
01240,Ciudad de México,Álvaro Obregón,Ciudad de México,Colonia,Pueblo Nuevo,01401
01250,Ciudad de México,Álvaro Obregón,Ciudad de México,Colonia,El Árbol,01401
01250,Ciudad de México,Álvaro Obregón,Ciudad de México,Colonia,Ladera,01401
01250,Ciudad de México,Álvaro Obregón,Ciudad de México,Colonia,Lomas de Nuevo México,01401
01250,Ciudad de México,Álvaro Obregón,Ciudad de México,Colonia,Margarita Maza de Juárez,01401
01250,Ciudad de México,Álvaro Obregón,Ciudad de México,Colonia,Tecolalco,01401
01259,Ciudad de México,Álvaro Obregón,Ciudad de México,Colonia,Ampliación La Cebada,01401
01259,Ciudad de México,Álvaro Obregón,Ciudad de México,Colonia,La Mexicana 2a Ampliación,01401
01260,Ciudad de México,Álvaro Obregón,Ciudad de México,Colonia,Calzada Jalalpa,01401
01260,Ciudad de México,Álvaro Obregón,Ciudad de México,Colonia,La Mexicana,01401
01260,Ciudad de México,Álvaro Obregón,Ciudad de México,Colonia,Ampliación La Mexicana,01401
01260,Ciudad de México,Álvaro Obregón,Ciudad de México,Colonia,La Palmita,01401
01260,Ciudad de México,Álvaro Obregón,Ciudad de México,Colonia,Liberación Proletaria,01401
01269,Ciudad de México,Álvaro Obregón,Ciudad de México,Colonia,1a Sección Cañada,01401
01269,Ciudad de México,Álvaro Obregón,Ciudad de México,Colonia,2a Sección Cañada,01401
01270,Ciudad de México,Álvaro Obregón,Ciudad de México,Colonia,El Tejocote,01401
01270,Ciudad de México,Álvaro Obregón,Ciudad de México,Colonia,La Presa,01401
01270,Ciudad de México,Álvaro Obregón,Ciudad de México,Colonia,Golondrinas,01401
01270,Ciudad de México,Álvaro Obregón,Ciudad de México,Colonia,Golondrinas 1a Sección,01401
01270,Ciudad de México,Álvaro Obregón,Ciudad de México,Colonia,Golondrinas 2a Sección,01401
01270,Ciudad de México,Álvaro Obregón,Ciudad de México,Colonia,Lomas de Capula,01401
01275,Ciudad de México,Álvaro Obregón,Ciudad de México,Colonia,Villa Solidaridad,01401
01276,Ciudad de México,Álvaro Obregón,Ciudad de México,Colonia,El Pirul,01401
01278,Ciudad de México,Álvaro Obregón,Ciudad de México,Colonia,Desarrollo Urbano,01401
01279,Ciudad de México,Álvaro Obregón,Ciudad de México,Colonia,Lomas de Becerra,01401
01280,Ciudad de México,Álvaro Obregón,Ciudad de México,Colonia,Arvide,01401
01280,Ciudad de México,Álvaro Obregón,Ciudad de México,Colonia,El Pocito,01401
01280,Ciudad de México,Álvaro Obregón,Ciudad de México,Colonia,Francisco Villa,01401
01280,Ciudad de México,Álvaro Obregón,Ciudad de México,Colonia,La Joya,01401
01285,Ciudad de México,Álvaro Obregón,Ciudad de México,Colonia,El Rodeo,01401
01289,Ciudad de México,Álvaro Obregón,Ciudad de México,Colonia,Reacomodo El Cuernito,01401
01290,Ciudad de México,Álvaro Obregón,Ciudad de México,Colonia,Piloto Adolfo López Mateos,01401
01290,Ciudad de México,Álvaro Obregón,Ciudad de México,Colonia,Presidentes,01401
01296,Ciudad de México,Álvaro Obregón,Ciudad de México,Colonia,Jalalpa Tepito 2a Ampliación,01401
01296,Ciudad de México,Álvaro Obregón,Ciudad de México,Colonia,Ampliación Jalalpa,01401
01296,Ciudad de México,Álvaro Obregón,Ciudad de México,Colonia,Jalalpa Tepito,01401
01298,Ciudad de México,Álvaro Obregón,Ciudad de México,Colonia,Ampliación Piloto Adolfo López Mateos,01401
01299,Ciudad de México,Álvaro Obregón,Ciudad de México,Colonia,1a Ampliación Presidentes,01401
01299,Ciudad de México,Álvaro Obregón,Ciudad de México,Colonia,2a Ampliación Presidentes,01401
01310,Ciudad de México,Álvaro Obregón,Ciudad de México,Colonia,San Gabriel,01401
01320,Ciudad de México,Álvaro Obregón,Ciudad de México,Colonia,Carlos A. Madrazo,01401
01330,Ciudad de México,Álvaro Obregón,Ciudad de México,Colonia,Paseo de las Lomas,01401
01340,Ciudad de México,Álvaro Obregón,Ciudad de México,Colonia,Bejero del Pueblo Santa Fe,01401
01376,Ciudad de México,Álvaro Obregón,Ciudad de México,Colonia,Santa Fe,01401
01376,Ciudad de México,Álvaro Obregón,Ciudad de México,Colonia,Santa Fe Peña Blanca,01401
01376,Ciudad de México,Álvaro Obregón,Ciudad de México,Colonia,Santa Fe La Loma,01401
01376,Ciudad de México,Álvaro Obregón,Ciudad de México,Colonia,Santa Fe Centro Ciudad,01401
01377,Ciudad de México,Álvaro Obregón,Ciudad de México,Colonia,Jalalpa El Grande,01401
04040,Ciudad de México,Coyoacán,Ciudad de México,Colonia,Parque San Andrés,03501
04100,Ciudad de México,Coyoacán,Ciudad de México,Colonia,Del Carmen,03501
04120,Ciudad de México,Coyoacán,Ciudad de México,Colonia,San Diego Churubusco,03501
04120,Ciudad de México,Coyoacán,Ciudad de México,Colonia,San Mateo,03501
04200,Ciudad de México,Coyoacán,Ciudad de México,Colonia,Campestre Churubusco,04831
04210,Ciudad de México,Coyoacán,Ciudad de México,Colonia,Churubusco Country Club,04831
04230,Ciudad de México,Coyoacán,Ciudad de México,Colonia,Prado Churubusco,04831
04240,Ciudad de México,Coyoacán,Ciudad de México,Colonia,Hermosillo,04831
04250,Ciudad de México,Coyoacán,Ciudad de México,Colonia,Paseos de Taxqueña,04831
04260,Ciudad de México,Coyoacán,Ciudad de México,Barrio,San Francisco Culhuacán Barrio de San Francisco,04831
04260,Ciudad de México,Coyoacán,Ciudad de México,Barrio,San Francisco Culhuacán Barrio de La Magdalena,04831
04260,Ciudad de México,Coyoacán,Ciudad de México,Barrio,San Francisco Culhuacán Barrio de Santa Ana,04831
04260,Ciudad de México,Coyoacán,Ciudad de México,Barrio,San Francisco Culhuacán Barrio de San Juan,04831
04300,Ciudad de México,Coyoacán,Ciudad de México,Colonia,Ajusco,04831
04310,Ciudad de México,Coyoacán,Ciudad de México,Colonia,Romero de Terreros,04831
04318,Ciudad de México,Coyoacán,Ciudad de México,Barrio,Oxtopulco Universidad,04831
04320,Ciudad de México,Coyoacán,Ciudad de México,Colonia,Cuadrante de San Francisco,04831
04320,Ciudad de México,Coyoacán,Ciudad de México,Colonia,Pedregal de San Francisco,04831
04330,Ciudad de México,Coyoacán,Ciudad de México,Colonia,El Rosedal,04331
04330,Ciudad de México,Coyoacán,Ciudad de México,Pueblo,Los Reyes,04331
04330,Ciudad de México,Coyoacán,Ciudad de México,Barrio,Del Niño Jesús,04331
04340,Ciudad de México,Coyoacán,Ciudad de México,Colonia,Copilco El Bajo,04831
04360,Ciudad de México,Coyoacán,Ciudad de México,Colonia,Copilco El Alto,04831
04360,Ciudad de México,Coyoacán,Ciudad de México,Colonia,Copilco Universidad,04831
04369,Ciudad de México,Coyoacán,Ciudad de México,Colonia,Pedregal de Santo Domingo,04831
04370,Ciudad de México,Coyoacán,Ciudad de México,Colonia,Atlántida,04831
04370,Ciudad de México,Coyoacán,Ciudad de México,Colonia,Ciudad Jardín,04831
04380,Ciudad de México,Coyoacán,Ciudad de México,Colonia,El Rosario,04831
04380,Ciudad de México,Coyoacán,Ciudad de México,Pueblo,La Candelaria,04831
04390,Ciudad de México,Coyoacán,Ciudad de México,Colonia,Huayamilpas,04831
04390,Ciudad de México,Coyoacán,Ciudad de México,Colonia,Estudiantes de 1968,04831
04400,Ciudad de México,Coyoacán,Ciudad de México,Colonia,Educación,04831
04410,Ciudad de México,Coyoacán,Ciudad de México,Colonia,Petrolera Taxqueña,04831
04420,Ciudad de México,Coyoacán,Ciudad de México,Colonia,Ex-Ejido de San Francisco Culhuacán,04831
04440,Ciudad de México,Coyoacán,Ciudad de México,Colonia,Culhuacán CTM Sección V,04831
04440,Ciudad de México,Coyoacán,Ciudad de México,Colonia,Culhuacán CTM Sección II,04831
04440,Ciudad de México,Coyoacán,Ciudad de México,Colonia,Culhuacán CTM Sección I,04831
04450,Ciudad de México,Coyoacán,Ciudad de México,Colonia,El Centinela,04831
04460,Ciudad de México,Coyoacán,Ciudad de México,Colonia,Avante,04831
04470,Ciudad de México,Coyoacán,Ciudad de México,Colonia,Presidentes Ejidales 1a Sección,04831
04470,Ciudad de México,Coyoacán,Ciudad de México,Colonia,Presidentes Ejidales 2a Sección,04831
04480,Ciudad de México,Coyoacán,Ciudad de México,Colonia,Culhuacán CTM Sección VI,04831
04480,Ciudad de México,Coyoacán,Ciudad de México,Colonia,Culhuacán CTM Sección III,04831
04480,Ciudad de México,Coyoacán,Ciudad de México,Colonia,Culhuacán CTM CROC,04831
04480,Ciudad de México,Coyoacán,Ciudad de México,Colonia,Culhuacán CTM Sección X-A,04831
04489,Ciudad de México,Coyoacán,Ciudad de México,Colonia,Culhuacán CTM Sección VII,04831
04490,Ciudad de México,Coyoacán,Ciudad de México,Colonia,Culhuacán CTM Sección Piloto,04831
04490,Ciudad de México,Coyoacán,Ciudad de México,Colonia,Culhuacán CTM Canal Nacional,04831
04500,Ciudad de México,Coyoacán,Ciudad de México,Colonia,Jardines del Pedregal de San Ángel,14391
04510,Ciudad de México,Coyoacán,Ciudad de México,Equipamiento,Universidad Nacional Autónoma de México,04831
04519,Ciudad de México,Coyoacán,Ciudad de México,Colonia,La Otra Banda,04831
04530,Ciudad de México,Coyoacán,Ciudad de México,Colonia,Insurgentes Cuicuilco,14391
04600,Ciudad de México,Coyoacán,Ciudad de México,Colonia,Pedregal de Santa Úrsula,14391
04610,Ciudad de México,Coyoacán,Ciudad de México,Colonia,Xotepingo,04831
04620,Ciudad de México,Coyoacán,Ciudad de México,Pueblo,San Pablo Tepetlapa,04831
04630,Ciudad de México,Coyoacán,Ciudad de México,Colonia,Adolfo Ruiz Cortínes,04831
13600,Ciudad de México,Tláhuac,Ciudad de México,Barrio,San Bartolomé,13611
13610,Ciudad de México,Tláhuac,Ciudad de México,Barrio,Los Reyes,13611
13625,Ciudad de México,Tláhuac,Ciudad de México,Barrio,Santa Cruz,13611
13630,Ciudad de México,Tláhuac,Ciudad de México,Barrio,San Agustín,13611
13640,Ciudad de México,Tláhuac,Ciudad de México,Barrio,San Miguel,13611
13700,Ciudad de México,Tláhuac,Ciudad de México,Pueblo,San Nicolás Tetelco,13611
13700,Ciudad de México,Tláhuac,Ciudad de México,Colonia,Tepantitlamilco,13611
14000,Ciudad de México,Tlalpan,Ciudad de México,Colonia,Tlalpan Centro,14091
14000,Ciudad de México,Tlalpan,Ciudad de México,Colonia,Tlalpan,14091
14010,Ciudad de México,Tlalpan,Ciudad de México,Colonia,Parque del Pedregal,14091
14020,Ciudad de México,Tlalpan,Ciudad de México,Colonia,Villa Olímpica,14091
14030,Ciudad de México,Tlalpan,Ciudad de México,Colonia,Isidro Fabela,14091
14039,Ciudad de México,Tlalpan,Ciudad de México,Colonia,Ampliación Isidro Fabela,14091
14040,Ciudad de México,Tlalpan,Ciudad de México,Colonia,Cantera Puente de Piedra,14091
14040,Ciudad de México,Tlalpan,Ciudad de México,Colonia,Pueblo Quieto,14091
14049,Ciudad de México,Tlalpan,Ciudad de México,Colonia,Comuneros de Santa Úrsula,14091
14050,Ciudad de México,Tlalpan,Ciudad de México,Colonia,Toriello Guerra,14091
14060,Ciudad de México,Tlalpan,Ciudad de México,Colonia,Peña Pobre,14091
14070,Ciudad de México,Tlalpan,Ciudad de México,Colonia,Rómulo Sánchez Mireles,14091
14070,Ciudad de México,Tlalpan,Ciudad de México,Barrio,San Fernando,14091
14070,Ciudad de México,Tlalpan,Ciudad de México,Colonia,San Pedro Apóstol,14091
14080,Ciudad de México,Tlalpan,Ciudad de México,Colonia,Belisario Domínguez Sección XVI,14091
14080,Ciudad de México,Tlalpan,Ciudad de México,Barrio,Del Niño Jesús,14091
14090,Ciudad de México,Tlalpan,Ciudad de México,Colonia,La Joya,14091
14100,Ciudad de México,Tlalpan,Ciudad de México,Colonia,Pedregal de San Nicolás 1A Sección,14201
14100,Ciudad de México,Tlalpan,Ciudad de México,Colonia,Pedregal de San Nicolás 2A Sección,14201
14100,Ciudad de México,Tlalpan,Ciudad de México,Colonia,Pedregal de San Nicolás 3A Sección,14201
14100,Ciudad de México,Tlalpan,Ciudad de México,Colonia,Pedregal de San Nicolás 4A Sección,14201
14100,Ciudad de México,Tlalpan,Ciudad de México,Colonia,Pedregal de San Nicolás 5ª Sección,14201
14108,Ciudad de México,Tlalpan,Ciudad de México,Colonia,Chichicaspatl,14201
14110,Ciudad de México,Tlalpan,Ciudad de México,Colonia,Ampliación Fuentes del Pedregal,14201
14120,Ciudad de México,Tlalpan,Ciudad de México,Colonia,Rincón del Pedregal,14201
14140,Ciudad de México,Tlalpan,Ciudad de México,Colonia,Fuentes del Pedregal,14201
14150,Ciudad de México,Tlalpan,Ciudad de México,Colonia,Lomas del Pedregal Framboyanes,14201
14160,Ciudad de México,Tlalpan,Ciudad de México,Colonia,Popular Santa Teresa,14201
14200,Ciudad de México,Tlalpan,Ciudad de México,Colonia,Héroes de Padierna,14201
14200,Ciudad de México,Tlalpan,Ciudad de México,Colonia,Jardines del Ajusco,14201
14208,Ciudad de México,Tlalpan,Ciudad de México,Colonia,Colinas del Ajusco,14201
14209,Ciudad de México,Tlalpan,Ciudad de México,Colonia,Torres de Padierna,14201
14210,Ciudad de México,Tlalpan,Ciudad de México,Colonia,Jardines en la Montaña,14201
14219,Ciudad de México,Tlalpan,Ciudad de México,Equipamiento,Six Flags (Reino Aventura),14201
14219,Ciudad de México,Tlalpan,Ciudad de México,Equipamiento,Parque Nacional Bosque del Pedregal,14201
14220,Ciudad de México,Tlalpan,Ciudad de México,Colonia,Cuchilla de Padierna,14201
14220,Ciudad de México,Tlalpan,Ciudad de México,Colonia,Lomas del Pedregal,14201
14230,Ciudad de México,Tlalpan,Ciudad de México,Colonia,Cultura Maya,14201
14239,Ciudad de México,Tlalpan,Ciudad de México,Colonia,Los Encinos,14201
14240,Ciudad de México,Tlalpan,Ciudad de México,Colonia,Lomas de Padierna,14201
14240,Ciudad de México,Tlalpan,Ciudad de México,Colonia,Lomas Hidalgo,14201
14248,Ciudad de México,Tlalpan,Ciudad de México,Colonia,Cruz del Farol,14201
14250,Ciudad de México,Tlalpan,Ciudad de México,Colonia,Miguel Hidalgo 2A Sección,14201
14250,Ciudad de México,Tlalpan,Ciudad de México,Colonia,Miguel Hidalgo 3A Sección,14201
14250,Ciudad de México,Tlalpan,Ciudad de México,Colonia,Miguel Hidalgo 4A Sección,14201
14250,Ciudad de México,Tlalpan,Ciudad de México,Colonia,Miguel Hidalgo,14201
14260,Ciudad de México,Tlalpan,Ciudad de México,Barrio,El Capulín,14201
14260,Ciudad de México,Tlalpan,Ciudad de México,Colonia,Miguel Hidalgo 1A Sección,14201
14266,Ciudad de México,Tlalpan,Ciudad de México,Colonia,Zacayucan Peña Pobre,14201
14267,Ciudad de México,Tlalpan,Ciudad de México,Barrio,De Caramagüey,14201
14268,Ciudad de México,Tlalpan,Ciudad de México,Barrio,La Lonja,14201
14269,Ciudad de México,Tlalpan,Ciudad de México,Barrio,La Fama,14201
14270,Ciudad de México,Tlalpan,Ciudad de México,Colonia,Primavera,14201
14270,Ciudad de México,Tlalpan,Ciudad de México,Colonia,Verano,14201
14275,Ciudad de México,Tlalpan,Ciudad de México,Colonia,Paraje 38,14201
14300,Ciudad de México,Tlalpan,Ciudad de México,Colonia,Nueva Oriental Coapa,14391
14300,Ciudad de México,Tlalpan,Ciudad de México,Colonia,Residencial Acoxpa,14391
14300,Ciudad de México,Tlalpan,Ciudad de México,Colonia,Residencial Miramontes,14391
14308,Ciudad de México,Tlalpan,Ciudad de México,Colonia,Ex Hacienda Coapa,14391
14310,Ciudad de México,Tlalpan,Ciudad de México,Colonia,Belisario Domínguez,14391
14310,Ciudad de México,Tlalpan,Ciudad de México,Colonia,Floresta Coyoacán,14391
14320,Ciudad de México,Tlalpan,Ciudad de México,Colonia,Vergel Coapa,14391
14325,Ciudad de México,Tlalpan,Ciudad de México,Colonia,Rinconada Coapa 2A Sección,14391
14326,Ciudad de México,Tlalpan,Ciudad de México,Colonia,Tenorios,14391
14330,Ciudad de México,Tlalpan,Ciudad de México,Colonia,Granjas Coapa,14391
14330,Ciudad de México,Tlalpan,Ciudad de México,Colonia,Rinconada Coapa 1A Sección,14391
14340,Ciudad de México,Tlalpan,Ciudad de México,Colonia,Vergel de Coyoacán,14391
14340,Ciudad de México,Tlalpan,Ciudad de México,Colonia,Vergel del Sur,14391
14350,Ciudad de México,Tlalpan,Ciudad de México,Colonia,Prado Coapa 1A Sección,14391
14357,Ciudad de México,Tlalpan,Ciudad de México,Colonia,Prado Coapa 2A Sección,14391
14357,Ciudad de México,Tlalpan,Ciudad de México,Colonia,Prado Coapa 3A Sección,14391
14360,Ciudad de México,Tlalpan,Ciudad de México,Colonia,Magisterial,14391
14360,Ciudad de México,Tlalpan,Ciudad de México,Colonia,Magisterial Coapa,14391
14370,Ciudad de México,Tlalpan,Ciudad de México,Colonia,Residencial Chimali,14391
14370,Ciudad de México,Tlalpan,Ciudad de México,Pueblo,San Lorenzo Huipulco,14391
14370,Ciudad de México,Tlalpan,Ciudad de México,Colonia,Villa Lázaro Cárdenas,14391
14376,Ciudad de México,Tlalpan,Ciudad de México,Colonia,Arboledas del Sur,14391
14377,Ciudad de México,Tlalpan,Ciudad de México,Colonia,Hacienda San Juan,14391
14380,Ciudad de México,Tlalpan,Ciudad de México,Colonia,A.M.S.A,14391
14380,Ciudad de México,Tlalpan,Ciudad de México,Colonia,San Bartolo El Chico,14391
14386,Ciudad de México,Tlalpan,Ciudad de México,Colonia,Rancho los Colorines,14391
14387,Ciudad de México,Tlalpan,Ciudad de México,Colonia,Ex Hacienda San Juan de Dios,14391
14388,Ciudad de México,Tlalpan,Ciudad de México,Colonia,Guadalupe,14391
14389,Ciudad de México,Tlalpan,Ciudad de México,Colonia,Arenal de Guadalupe,14391
14390,Ciudad de México,Tlalpan,Ciudad de México,Colonia,Rinconada Las Hadas,14391
14390,Ciudad de México,Tlalpan,Ciudad de México,Colonia,Narciso Mendoza,14391
14390,Ciudad de México,Tlalpan,Ciudad de México,Colonia,Residencial Villa Coapa,14391
14390,Ciudad de México,Tlalpan,Ciudad de México,Colonia,Villa Coapa,14391
14400,Ciudad de México,Tlalpan,Ciudad de México,Pueblo,San Andrés Totoltepec,14091
14406,Ciudad de México,Tlalpan,Ciudad de México,Colonia,Divisadero,14091
14408,Ciudad de México,Tlalpan,Ciudad de México,Colonia,Nuevo Renacimiento de Axalco,14091
14409,Ciudad de México,Tlalpan,Ciudad de México,Colonia,Tecorral,14091
14410,Ciudad de México,Tlalpan,Ciudad de México,Colonia,Bosques de Tepeximilpa,14091
14410,Ciudad de México,Tlalpan,Ciudad de México,Colonia,Fuentes Brotantes,14091
14420,Ciudad de México,Tlalpan,Ciudad de México,Colonia,Cumbres de Tepetongo,14091
14420,Ciudad de México,Tlalpan,Ciudad de México,Colonia,Mesa de los Hornos,14091
14420,Ciudad de México,Tlalpan,Ciudad de México,Colonia,Santa Úrsula Xitla,14091
14426,Ciudad de México,Tlalpan,Ciudad de México,Colonia,Texcaltenco,14091
14426,Ciudad de México,Tlalpan,Ciudad de México,Colonia,Tlaxcaltenco la Mesa,14091
14427,Ciudad de México,Tlalpan,Ciudad de México,Colonia,San Juan Tepeximilpa,14091
14427,Ciudad de México,Tlalpan,Ciudad de México,Colonia,Tepeximilpa la Paz,14091
14429,Ciudad de México,Tlalpan,Ciudad de México,Colonia,Santísima Trinidad,14091
14430,Ciudad de México,Tlalpan,Ciudad de México,Barrio,El Truenito,14091
14430,Ciudad de México,Tlalpan,Ciudad de México,Colonia,Tlalcoligia,14091
14438,Ciudad de México,Tlalpan,Ciudad de México,Colonia,Pedregal de Santa Úrsula Xitla,14091
14439,Ciudad de México,Tlalpan,Ciudad de México,Colonia,Pedregal de las Águilas,14091
14440,Ciudad de México,Tlalpan,Ciudad de México,Colonia,Los Volcanes,14091
14449,Ciudad de México,Tlalpan,Ciudad de México,Colonia,El Mirador 1A Sección,14091
14449,Ciudad de México,Tlalpan,Ciudad de México,Colonia,El Mirador 2A Sección,14091
14449,Ciudad de México,Tlalpan,Ciudad de México,Colonia,El Mirador 3A Sección,14091
14456,Ciudad de México,Tlalpan,Ciudad de México,Colonia,Atocpa,14091
14456,Ciudad de México,Tlalpan,Ciudad de México,Colonia,Atocpa Sur,14091
14460,Ciudad de México,Tlalpan,Ciudad de México,Colonia,Tlalpuente,14091
14470,Ciudad de México,Tlalpan,Ciudad de México,Colonia,Tepetlica,14091
14470,Ciudad de México,Tlalpan,Ciudad de México,Colonia,Plan de Ayala,14091
14476,Ciudad de México,Tlalpan,Ciudad de México,Colonia,La Palma,14091
14479,Ciudad de México,Tlalpan,Ciudad de México,Colonia,Viveros Coatectlán,14091
14480,Ciudad de México,Tlalpan,Ciudad de México,Pueblo,La Magdalena Petlacalco,14091
14490,Ciudad de México,Tlalpan,Ciudad de México,Pueblo,San Miguel Xicalco,14091
14500,Ciudad de México,Tlalpan,Ciudad de México,Colonia,Ocotla Chico,14091
14500,Ciudad de México,Tlalpan,Ciudad de México,Pueblo,San Miguel Topilejo,14091
14600,Ciudad de México,Tlalpan,Ciudad de México,Colonia,Valle Escondido,14091
14608,Ciudad de México,Tlalpan,Ciudad de México,Colonia,Colinas del Bosque,14091
14609,Ciudad de México,Tlalpan,Ciudad de México,Colonia,Las Tórtolas,14091
14610,Ciudad de México,Tlalpan,Ciudad de México,Colonia,Arenal Tepepan,14091
14620,Ciudad de México,Tlalpan,Ciudad de México,Colonia,Club de Golf México,14091
14629,Ciudad de México,Tlalpan,Ciudad de México,Colonia,San Buenaventura,14091
14630,Ciudad de México,Tlalpan,Ciudad de México,Pueblo,Chimalcoyoc,14091
14630,Ciudad de México,Tlalpan,Ciudad de México,Colonia,Villa Tlalpan,14091
14640,Ciudad de México,Tlalpan,Ciudad de México,Colonia,Ejidos de San Pedro Mártir,14091
14643,Ciudad de México,Tlalpan,Ciudad de México,Colonia,Tecoantitla Xolalpa,14091
14643,Ciudad de México,Tlalpan,Ciudad de México,Colonia,Fuentes de Tepepan,14091
14646,Ciudad de México,Tlalpan,Ciudad de México,Colonia,Valle de Tepepan,14091
14647,Ciudad de México,Tlalpan,Ciudad de México,Colonia,Juventud Unida,14091
14647,Ciudad de México,Tlalpan,Ciudad de México,Colonia,Movimiento Organizado de Tlalpan,14091
14647,Ciudad de México,Tlalpan,Ciudad de México,Colonia,Rinconada El Mirador,14091
14650,Ciudad de México,Tlalpan,Ciudad de México,Pueblo,San Pedro Mártir,14091
14653,Ciudad de México,Tlalpan,Ciudad de México,Colonia,Heróico Colegio Militar,14091
14654,Ciudad de México,Tlalpan,Ciudad de México,Colonia,Dolores Tlalli,14091
14655,Ciudad de México,Tlalpan,Ciudad de México,Colonia,Valle Verde,14091
14657,Ciudad de México,Tlalpan,Ciudad de México,Colonia,Tlalmille,14091
14658,Ciudad de México,Tlalpan,Ciudad de México,Colonia,Mirador del Valle,14091
14659,Ciudad de México,Tlalpan,Ciudad de México,Colonia,María Esther Zuno de Echeverría,14091
14700,Ciudad de México,Tlalpan,Ciudad de México,Pueblo,San Miguel Ajusco,14201
14710,Ciudad de México,Tlalpan,Ciudad de México,Pueblo,Santo Tomas Ajusco,14201
14720,Ciudad de México,Tlalpan,Ciudad de México,Colonia,Belvedere Ajusco,14201
14730,Ciudad de México,Tlalpan,Ciudad de México,Colonia,Lomas de Cuilotepec,14201
14734,Ciudad de México,Tlalpan,Ciudad de México,Colonia,Zacatón,14201
14735,Ciudad de México,Tlalpan,Ciudad de México,Colonia,Lomas de Cuilotepec II Sección,14201
14735,Ciudad de México,Tlalpan,Ciudad de México,Campamento,Lomas de Tepemecatl,14201
14737,Ciudad de México,Tlalpan,Ciudad de México,Colonia,Vistas del Pedregal,14201
14738,Ciudad de México,Tlalpan,Ciudad de México,Colonia,Bosques del Pedregal,14201
14739,Ciudad de México,Tlalpan,Ciudad de México,Colonia,2 de Octubre,14201
14740,Ciudad de México,Tlalpan,Ciudad de México,Colonia,Lomas de Padierna Sur,14201
14748,Ciudad de México,Tlalpan,Ciudad de México,Colonia,Mirador I,14201
14748,Ciudad de México,Tlalpan,Ciudad de México,Colonia,Mirador II,14201
14749,Ciudad de México,Tlalpan,Ciudad de México,Colonia,Chimilli,14201
14760,Ciudad de México,Tlalpan,Ciudad de México,Colonia,Héroes de 1910,14201
14900,Ciudad de México,Tlalpan,Ciudad de México,Pueblo,Parres El Guarda,14091
15000,Ciudad de México,Venustiano Carranza,Ciudad de México,Colonia,General Ignacio Zaragoza,15001
15010,Ciudad de México,Venustiano Carranza,Ciudad de México,Colonia,Valentín Gómez Farias,15001
15020,Ciudad de México,Venustiano Carranza,Ciudad de México,Colonia,Puebla,15001
15100,Ciudad de México,Venustiano Carranza,Ciudad de México,Colonia,Zona Centro,15001
15200,Ciudad de México,Venustiano Carranza,Ciudad de México,Colonia,Janitzio,15001
15210,Ciudad de México,Venustiano Carranza,Ciudad de México,Colonia,Valle Gómez,15001
15220,Ciudad de México,Venustiano Carranza,Ciudad de México,Colonia,Nicolás Bravo,15001
15220,Ciudad de México,Venustiano Carranza,Ciudad de México,Colonia,Popular Rastro,15001
15230,Ciudad de México,Venustiano Carranza,Ciudad de México,Colonia,Emilio Carranza,15001
15240,Ciudad de México,Venustiano Carranza,Ciudad de México,Colonia,Michoacana,15001
15250,Ciudad de México,Venustiano Carranza,Ciudad de México,Colonia,Ampliación Michoacana,15001
15260,Ciudad de México,Venustiano Carranza,Ciudad de México,Colonia,Ampliación 20 de Noviembre,15001
15270,Ciudad de México,Venustiano Carranza,Ciudad de México,Colonia,Morelos,15001
15280,Ciudad de México,Venustiano Carranza,Ciudad de México,Colonia,Penitenciaria,15001
15290,Ciudad de México,Venustiano Carranza,Ciudad de México,Colonia,10 de Mayo,15001
15300,Ciudad de México,Venustiano Carranza,Ciudad de México,Colonia,20 de Noviembre,15001
15309,Ciudad de México,Venustiano Carranza,Ciudad de México,Colonia,5o Tramo 20 de Noviembre,15001
15310,Ciudad de México,Venustiano Carranza,Ciudad de México,Colonia,Felipe Ángeles,15001
15320,Ciudad de México,Venustiano Carranza,Ciudad de México,Colonia,Azteca,15001
15330,Ciudad de México,Venustiano Carranza,Ciudad de México,Colonia,Tres Mosqueteros,15001
15339,Ciudad de México,Venustiano Carranza,Ciudad de México,Colonia,Ampliación Venustiano Carranza,15001
15340,Ciudad de México,Venustiano Carranza,Ciudad de México,Colonia,Venustiano Carranza,15001
15350,Ciudad de México,Venustiano Carranza,Ciudad de México,Colonia,Ampliación Penitenciaria,15001
15370,Ciudad de México,Venustiano Carranza,Ciudad de México,Colonia,Progresista,15001
15380,Ciudad de México,Venustiano Carranza,Ciudad de México,Colonia,Escuela de Tiro,15001
15390,Ciudad de México,Venustiano Carranza,Ciudad de México,Colonia,7 de Julio,15001
15400,Ciudad de México,Venustiano Carranza,Ciudad de México,Colonia,Romero Rubio,15001
15410,Ciudad de México,Venustiano Carranza,Ciudad de México,Colonia,Simón Bolívar,15001
15420,Ciudad de México,Venustiano Carranza,Ciudad de México,Colonia,Ampliación Simón Bolívar,15001
15430,Ciudad de México,Venustiano Carranza,Ciudad de México,Colonia,Aquiles Serdán,15001
15440,Ciudad de México,Venustiano Carranza,Ciudad de México,Colonia,1° de Mayo,15001
15450,Ciudad de México,Venustiano Carranza,Ciudad de México,Colonia,Damián Carmona,15001
15460,Ciudad de México,Venustiano Carranza,Ciudad de México,Colonia,Revolución,15001
15470,Ciudad de México,Venustiano Carranza,Ciudad de México,Colonia,Miguel Hidalgo,15001
15500,Ciudad de México,Venustiano Carranza,Ciudad de México,Colonia,Moctezuma 1a Sección,15001
15510,Ciudad de México,Venustiano Carranza,Ciudad de México,Colonia,Pensador Mexicano,15001
15520,Ciudad de México,Venustiano Carranza,Ciudad de México,Colonia,Peñón de los Baños,15001
15530,Ciudad de México,Venustiano Carranza,Ciudad de México,Colonia,Moctezuma 2a Sección,15001
15540,Ciudad de México,Venustiano Carranza,Ciudad de México,Colonia,Santa Cruz Aviación,15001
15600,Ciudad de México,Venustiano Carranza,Ciudad de México,Colonia,Arenal 1a Sección,15001
15610,Ciudad de México,Venustiano Carranza,Ciudad de México,Colonia,Cuchilla Pantitlán,15001
15620,Ciudad de México,Venustiano Carranza,Ciudad de México,Aeropuerto,México (Licenciado Benito Juárez),15001
15630,Ciudad de México,Venustiano Carranza,Ciudad de México,Colonia,Caracol,15001
15640,Ciudad de México,Venustiano Carranza,Ciudad de México,Colonia,Arenal 4a Sección,15001
15640,Ciudad de México,Venustiano Carranza,Ciudad de México,Colonia,Arenal Puerto Aéreo,15001
15650,Ciudad de México,Venustiano Carranza,Ciudad de México,Colonia,Ampliación Caracol,15001
15660,Ciudad de México,Venustiano Carranza,Ciudad de México,Colonia,Arenal 3a Sección,15001
15670,Ciudad de México,Venustiano Carranza,Ciudad de México,Colonia,Adolfo López Mateos,15001
15680,Ciudad de México,Venustiano Carranza,Ciudad de México,Colonia,Arenal 2a Sección,15001
15700,Ciudad de México,Venustiano Carranza,Ciudad de México,Colonia,Federal,15001
15710,Ciudad de México,Venustiano Carranza,Ciudad de México,Colonia,Industrial Puerto Aéreo,15001
15730,Ciudad de México,Venustiano Carranza,Ciudad de México,Colonia,4 Árboles,15001
15740,Ciudad de México,Venustiano Carranza,Ciudad de México,Colonia,Aviación Civil,15001
15750,Ciudad de México,Venustiano Carranza,Ciudad de México,Colonia,Ampliación Aviación Civil,15001
09648,Ciudad de México,Iztapalapa,Ciudad de México,Colonia,San Pablo,09511
09660,Ciudad de México,Iztapalapa,Ciudad de México,Colonia,Citlalli,09511
09670,Ciudad de México,Iztapalapa,Ciudad de México,Colonia,Palmitas,09511
09680,Ciudad de México,Iztapalapa,Ciudad de México,Colonia,Tenorios,09511
09689,Ciudad de México,Iztapalapa,Ciudad de México,Colonia,Barranca de Guadalupe,09511
09690,Ciudad de México,Iztapalapa,Ciudad de México,Colonia,Iztlahuacán,09511
09696,Ciudad de México,Iztapalapa,Ciudad de México,Colonia,Miravalles,09511
09698,Ciudad de México,Iztapalapa,Ciudad de México,Colonia,Miguel de La Madrid Hurtado,09511
09700,Ciudad de México,Iztapalapa,Ciudad de México,Colonia,Buenavista,09291
09700,Ciudad de México,Iztapalapa,Ciudad de México,Colonia,Carlos Hank González,09291
09700,Ciudad de México,Iztapalapa,Ciudad de México,Colonia,Desarrollo Urbano Quetzalcóatl,09291
09700,Ciudad de México,Iztapalapa,Ciudad de México,Pueblo,Santa Cruz Meyehualco,09291
09704,Ciudad de México,Iztapalapa,Ciudad de México,Colonia,Degollado,09291
09705,Ciudad de México,Iztapalapa,Ciudad de México,Colonia,Degollado - Mexicatlalli,09291
09706,Ciudad de México,Iztapalapa,Ciudad de México,Colonia,San José Buenavista,09291
09708,Ciudad de México,Iztapalapa,Ciudad de México,Colonia,Mixcoatl,09291
09709,Ciudad de México,Iztapalapa,Ciudad de México,Colonia,Lomas de Santa Cruz,09291
09710,Ciudad de México,Iztapalapa,Ciudad de México,Colonia,Los Ángeles Apanoaya,09291
09720,Ciudad de México,Iztapalapa,Ciudad de México,Colonia,Francisco Villa,09291
09720,Ciudad de México,Iztapalapa,Ciudad de México,Colonia,La Era,09291
09730,Ciudad de México,Iztapalapa,Ciudad de México,Colonia,Reforma Política,09291
09740,Ciudad de México,Iztapalapa,Ciudad de México,Colonia,Presidentes de México,09291
09750,Ciudad de México,Iztapalapa,Ciudad de México,Colonia,Insurgentes,09291
09750,Ciudad de México,Iztapalapa,Ciudad de México,Colonia,La Polvorilla,09291
09750,Ciudad de México,Iztapalapa,Ciudad de México,Colonia,Las Peñas,09291
09760,Ciudad de México,Iztapalapa,Ciudad de México,Colonia,Consejo Agrarista Mexicano,09291
09769,Ciudad de México,Iztapalapa,Ciudad de México,Colonia,El Triángulo,09291
09770,Ciudad de México,Iztapalapa,Ciudad de México,Colonia,Puente Blanco,09291
09780,Ciudad de México,Iztapalapa,Ciudad de México,Colonia,Año de Juárez,09291
09780,Ciudad de México,Iztapalapa,Ciudad de México,Colonia,Lomas de San Lorenzo,09291
09790,Ciudad de México,Iztapalapa,Ciudad de México,Pueblo,San Lorenzo Tezonco,09291
09800,Ciudad de México,Iztapalapa,Ciudad de México,Pueblo,Culhuacán,09821
09800,Ciudad de México,Iztapalapa,Ciudad de México,Colonia,El Mirador,09821
09800,Ciudad de México,Iztapalapa,Ciudad de México,Colonia,Estrella Culhuacán,09821
09800,Ciudad de México,Iztapalapa,Ciudad de México,Colonia,Fuego Nuevo,09821
09800,Ciudad de México,Iztapalapa,Ciudad de México,Colonia,San Antonio Culhuacán,09821
09800,Ciudad de México,Iztapalapa,Ciudad de México,Barrio,San Antonio Culhuacán,09821
09800,Ciudad de México,Iztapalapa,Ciudad de México,Barrio,San Simón Culhuacán,09821
09800,Ciudad de México,Iztapalapa,Ciudad de México,Barrio,Tula,09821
09800,Ciudad de México,Iztapalapa,Ciudad de México,Colonia,Valle de Luces,09821
09810,Ciudad de México,Iztapalapa,Ciudad de México,Colonia,Granjas Esmeralda,09821
09810,Ciudad de México,Iztapalapa,Ciudad de México,Colonia,Los Cipreses,09821
09810,Ciudad de México,Iztapalapa,Ciudad de México,Colonia,Minerva,09821
09810,Ciudad de México,Iztapalapa,Ciudad de México,Colonia,Progreso del Sur,09821
09819,Ciudad de México,Iztapalapa,Ciudad de México,Colonia,Valle del Sur,09821
09820,Ciudad de México,Iztapalapa,Ciudad de México,Colonia,El Santuario,09821
09820,Ciudad de México,Iztapalapa,Ciudad de México,Colonia,Estrella del Sur,09821
09820,Ciudad de México,Iztapalapa,Ciudad de México,Colonia,Ricardo Flores Magón,09821
09820,Ciudad de México,Iztapalapa,Ciudad de México,Colonia,Santa Isabel Industrial,09821
09828,Ciudad de México,Iztapalapa,Ciudad de México,Colonia,Ampliación Ricardo Flores Magón,09821
09829,Ciudad de México,Iztapalapa,Ciudad de México,Colonia,Ampliación El Santuario,09821
09830,Ciudad de México,Iztapalapa,Ciudad de México,Colonia,El Manto,09821
09830,Ciudad de México,Iztapalapa,Ciudad de México,Colonia,El Molino,09821
09830,Ciudad de México,Iztapalapa,Ciudad de México,Colonia,Lomas El Manto,09821
09830,Ciudad de México,Iztapalapa,Ciudad de México,Colonia,Los Ángeles,09821
09830,Ciudad de México,Iztapalapa,Ciudad de México,Colonia,Paraje San Juan,09821
09837,Ciudad de México,Iztapalapa,Ciudad de México,Colonia,San Miguel 8va. Ampliación,09821
16310,Ciudad de México,Xochimilco,Ciudad de México,Colonia,La Cañada,16001
16320,Ciudad de México,Xochimilco,Ciudad de México,Colonia,San Lucas Oriente,16001
16340,Ciudad de México,Xochimilco,Ciudad de México,Colonia,Texmic,16001
16400,Ciudad de México,Xochimilco,Ciudad de México,Pueblo,San Lorenzo Atemoaya,16001
16410,Ciudad de México,Xochimilco,Ciudad de México,Colonia,Lomas de Tonalco,16001
16420,Ciudad de México,Xochimilco,Ciudad de México,Colonia,San Jerónimo,16001
16428,Ciudad de México,Xochimilco,Ciudad de México,Colonia,El Jazmín,16001
16429,Ciudad de México,Xochimilco,Ciudad de México,Colonia,Rancho Tejomulco,16001
16430,Ciudad de México,Xochimilco,Ciudad de México,Colonia,Xochipilli,16001
16440,Ciudad de México,Xochimilco,Ciudad de México,Colonia,Año de Juárez,16001
16443,Ciudad de México,Xochimilco,Ciudad de México,Barrio,Pocitos,16001
16450,Ciudad de México,Xochimilco,Ciudad de México,Pueblo,Santa María Nativitas,16001
16457,Ciudad de México,Xochimilco,Ciudad de México,Colonia,Lomas de Nativitas,16001
16459,Ciudad de México,Xochimilco,Ciudad de México,Colonia,Ampliación Nativitas,16001
16500,Ciudad de México,Xochimilco,Ciudad de México,Pueblo,Santa Cruz Acalpixca,16001
16513,Ciudad de México,Xochimilco,Ciudad de México,Barrio,Apatlaco,16001
16513,Ciudad de México,Xochimilco,Ciudad de México,Barrio,Del Puente,16001
16514,Ciudad de México,Xochimilco,Ciudad de México,Barrio,La Gallera,16001
16514,Ciudad de México,Xochimilco,Ciudad de México,Barrio,Tetitla,16001
16514,Ciudad de México,Xochimilco,Ciudad de México,Barrio,Calpulco,16001
16520,Ciudad de México,Xochimilco,Ciudad de México,Barrio,La Planta,16001
16530,Ciudad de México,Xochimilco,Ciudad de México,Barrio,Las Cruces,16001
16530,Ciudad de México,Xochimilco,Ciudad de México,Barrio,Las Flores,16001
16533,Ciudad de México,Xochimilco,Ciudad de México,Barrio,Ahualapa,16001
16550,Ciudad de México,Xochimilco,Ciudad de México,Colonia,Valle de Santa María,16001
16600,Ciudad de México,Xochimilco,Ciudad de México,Pueblo,San Gregorio Atlapulco,16001
16604,Ciudad de México,Xochimilco,Ciudad de México,Barrio,San Andrés,16001
16605,Ciudad de México,Xochimilco,Ciudad de México,Barrio,Los Reyes,16001
16606,Ciudad de México,Xochimilco,Ciudad de México,Barrio,3 de Mayo,16001
16607,Ciudad de México,Xochimilco,Ciudad de México,Barrio,San Antonio,16001
16609,Ciudad de México,Xochimilco,Ciudad de México,Barrio,La Candelaria,16001
16610,Ciudad de México,Xochimilco,Ciudad de México,Pueblo,San Luis Tlaxialtemalco,16001
16614,Ciudad de México,Xochimilco,Ciudad de México,Barrio,Niños Héroes,16001
16615,Ciudad de México,Xochimilco,Ciudad de México,Barrio,La Asunción,16001
16616,Ciudad de México,Xochimilco,Ciudad de México,Barrio,Santa Cecilia,16001
16617,Ciudad de México,Xochimilco,Ciudad de México,Barrio,San Sebastián,16001
16620,Ciudad de México,Xochimilco,Ciudad de México,Barrio,San José,16001
16629,Ciudad de México,Xochimilco,Ciudad de México,Barrio,La Guadalupana,16001
16629,Ciudad de México,Xochimilco,Ciudad de México,Barrio,San Juan,16001
16630,Ciudad de México,Xochimilco,Ciudad de México,Barrio,San Juan Moyotepec,16001
16640,Ciudad de México,Xochimilco,Ciudad de México,Barrio,San Juan Minas,16001
16710,Ciudad de México,Xochimilco,Ciudad de México,Colonia,Quirino Mendoza,16001
16720,Ciudad de México,Xochimilco,Ciudad de México,Colonia,Del Carmen,16001
16739,Ciudad de México,Xochimilco,Ciudad de México,Colonia,San Isidro,16001
16740,Ciudad de México,Xochimilco,Ciudad de México,Colonia,Guadalupita,16001
16749,Ciudad de México,Xochimilco,Ciudad de México,Colonia,Las Animas,16001
16750,Ciudad de México,Xochimilco,Ciudad de México,Barrio,Calyequita,16001
16770,Ciudad de México,Xochimilco,Ciudad de México,Colonia,San Felipe,16001
16776,Ciudad de México,Xochimilco,Ciudad de México,Colonia,Santiaguito,16001
16776,Ciudad de México,Xochimilco,Ciudad de México,Colonia,El Mirador,16001
16780,Ciudad de México,Xochimilco,Ciudad de México,Colonia,Cerrillos Primera Sección,16001
16780,Ciudad de México,Xochimilco,Ciudad de México,Colonia,El Sacrificio,16001
16780,Ciudad de México,Xochimilco,Ciudad de México,Colonia,Cristo Rey,16001
16780,Ciudad de México,Xochimilco,Ciudad de México,Colonia,Cerrillos Segunda Sección,16001
16780,Ciudad de México,Xochimilco,Ciudad de México,Colonia,Cerrillos Tercera Sección,16001
16797,Ciudad de México,Xochimilco,Ciudad de México,Colonia,Nativitas,16001
16799,Ciudad de México,Xochimilco,Ciudad de México,Colonia,Las Mesitas,16001
16800,Ciudad de México,Xochimilco,Ciudad de México,Pueblo,San Mateo Xalpa,16001
16810,Ciudad de México,Xochimilco,Ciudad de México,Pueblo,San Andrés Ahuayucan,16001
15800,Ciudad de México,Venustiano Carranza,Ciudad de México,Colonia,Jamaica,15001
15810,Ciudad de México,Venustiano Carranza,Ciudad de México,Colonia,Merced Balbuena,15001
15820,Ciudad de México,Venustiano Carranza,Ciudad de México,Colonia,Lorenzo Boturini,15001
15830,Ciudad de México,Venustiano Carranza,Ciudad de México,Colonia,Artes Gráficas,15001
15840,Ciudad de México,Venustiano Carranza,Ciudad de México,Colonia,Sevilla,15001
15850,Ciudad de México,Venustiano Carranza,Ciudad de México,Colonia,Magdalena Mixiuhca,15001
15860,Ciudad de México,Venustiano Carranza,Ciudad de México,Pueblo,La Magdalena Mixiuhca,15001
15870,Ciudad de México,Venustiano Carranza,Ciudad de México,Colonia,Aarón Sáenz,15001
15900,Ciudad de México,Venustiano Carranza,Ciudad de México,Colonia,Jardín Balbuena,15001
15960,Ciudad de México,Venustiano Carranza,Ciudad de México,Colonia,Del Parque,15001
15970,Ciudad de México,Venustiano Carranza,Ciudad de México,Colonia,Aeronáutica Militar,15001
15980,Ciudad de México,Venustiano Carranza,Ciudad de México,Colonia,24 de Abril,15001
15990,Ciudad de México,Venustiano Carranza,Ciudad de México,Colonia,Álvaro Obregón,15001
16000,Ciudad de México,Xochimilco,Ciudad de México,Barrio,La Concepción Tlacoapa,16001
16000,Ciudad de México,Xochimilco,Ciudad de México,Barrio,San Antonio,16001
16000,Ciudad de México,Xochimilco,Ciudad de México,Barrio,San Juan,16001
16010,Ciudad de México,Xochimilco,Ciudad de México,Colonia,Bosque Residencial del Sur,16001
16010,Ciudad de México,Xochimilco,Ciudad de México,Colonia,Las Peritas,16001
16010,Ciudad de México,Xochimilco,Ciudad de México,Colonia,Paseos del Sur,16001
16010,Ciudad de México,Xochimilco,Ciudad de México,Colonia,San Bartolo El Chico,16001
16020,Ciudad de México,Xochimilco,Ciudad de México,Colonia,San Juan Tepepan,16001
16020,Ciudad de México,Xochimilco,Ciudad de México,Pueblo,Santa María Tepepan,16001
16029,Ciudad de México,Xochimilco,Ciudad de México,Colonia,Ampliación Tepepan,16001
16030,Ciudad de México,Xochimilco,Ciudad de México,Colonia,Huichapan,16001
16030,Ciudad de México,Xochimilco,Ciudad de México,Colonia,La Noria,16001
16030,Ciudad de México,Xochimilco,Ciudad de México,Colonia,Potrero de San Bernardino,16001
16030,Ciudad de México,Xochimilco,Ciudad de México,Colonia,Ampliación La Noria,16001
16034,Ciudad de México,Xochimilco,Ciudad de México,Barrio,18,16001
16035,Ciudad de México,Xochimilco,Ciudad de México,Colonia,San Lorenzo La Cebada,16001
16035,Ciudad de México,Xochimilco,Ciudad de México,Colonia,Rinconada Coapa,16001
16036,Ciudad de México,Xochimilco,Ciudad de México,Equipamiento,Mercado de Flores Plantas y Hortalizas,16001
16038,Ciudad de México,Xochimilco,Ciudad de México,Colonia,Ampliación San Marcos Norte,16001
16040,Ciudad de México,Xochimilco,Ciudad de México,Barrio,La Asunción,16001
16040,Ciudad de México,Xochimilco,Ciudad de México,Barrio,San Lorenzo,16001
16050,Ciudad de México,Xochimilco,Ciudad de México,Colonia,Jardines del Sur,16001
16050,Ciudad de México,Xochimilco,Ciudad de México,Barrio,San Marcos,16001
16050,Ciudad de México,Xochimilco,Ciudad de México,Colonia,Tierra Nueva,16001
16059,Ciudad de México,Xochimilco,Ciudad de México,Colonia,"Pueblo Santiago Tepalcatlalpan, U.H. Rinconada del Sur",16001
16060,Ciudad de México,Xochimilco,Ciudad de México,Colonia,El Mirador,16001
16070,Ciudad de México,Xochimilco,Ciudad de México,Barrio,Belén,16001
16070,Ciudad de México,Xochimilco,Ciudad de México,Barrio,El Rosario,16001
16070,Ciudad de México,Xochimilco,Ciudad de México,Barrio,La Guadalupita,16001
16070,Ciudad de México,Xochimilco,Ciudad de México,Barrio,Santa Crucita,16001
16080,Ciudad de México,Xochimilco,Ciudad de México,Barrio,La Santísima,16001
16080,Ciudad de México,Xochimilco,Ciudad de México,Barrio,San Cristóbal,16001
16080,Ciudad de México,Xochimilco,Ciudad de México,Barrio,San Diego,16001
16080,Ciudad de México,Xochimilco,Ciudad de México,Barrio,San Esteban,16001
16083,Ciudad de México,Xochimilco,Ciudad de México,Barrio,Caltongo,16001
16090,Ciudad de México,Xochimilco,Ciudad de México,Barrio,San Pedro,16001
16090,Ciudad de México,Xochimilco,Ciudad de México,Colonia,Tablas de San Lorenzo,16001
16090,Ciudad de México,Xochimilco,Ciudad de México,Barrio,Xaltocan,16001
16100,Ciudad de México,Xochimilco,Ciudad de México,Pueblo,Santa Cruz Xochitepec,16001
16200,Ciudad de México,Xochimilco,Ciudad de México,Pueblo,Santiago Tepalcatlalpan,16001
16210,Ciudad de México,Xochimilco,Ciudad de México,Colonia,Pueblo Santiago Tepalcatlalpan U.H. Res. Santiago,16001
16210,Ciudad de México,Xochimilco,Ciudad de México,Colonia,La Concha,16001
16240,Ciudad de México,Xochimilco,Ciudad de México,Colonia,Tlaxopan,16001
16300,Ciudad de México,Xochimilco,Ciudad de México,Pueblo,San Lucas Xochimanca,16001
16810,Ciudad de México,Xochimilco,Ciudad de México,Colonia,Santa Inés,16001
16810,Ciudad de México,Xochimilco,Ciudad de México,Colonia,Rosario Tlali,16001
16813,Ciudad de México,Xochimilco,Ciudad de México,Barrio,El Calvario,16001
16840,Ciudad de México,Xochimilco,Ciudad de México,Colonia,Santa Cruz Chavarrieta,16001
16850,Ciudad de México,Xochimilco,Ciudad de México,Barrio,Chapultepec,16001
16860,Ciudad de México,Xochimilco,Ciudad de México,Colonia,Santa Cruz de Guadalupe,16001
16880,Ciudad de México,Xochimilco,Ciudad de México,Pueblo,Santa Cecilia Tepetlapa,16001
16900,Ciudad de México,Xochimilco,Ciudad de México,Pueblo,San Francisco Tlalnepantla,16001
05270,Ciudad de México,Cuajimalpa de Morelos,Ciudad de México,Colonia,Manzanastitla,05501
05280,Ciudad de México,Cuajimalpa de Morelos,Ciudad de México,Colonia,Adolfo López Mateos,05501
05310,Ciudad de México,Cuajimalpa de Morelos,Ciudad de México,Colonia,El Molinito,05501
05320,Ciudad de México,Cuajimalpa de Morelos,Ciudad de México,Colonia,El Yaqui,05501
05330,Ciudad de México,Cuajimalpa de Morelos,Ciudad de México,Colonia,Lomas de Memetla,05501
05330,Ciudad de México,Cuajimalpa de Morelos,Ciudad de México,Colonia,Memetla,05501
05330,Ciudad de México,Cuajimalpa de Morelos,Ciudad de México,Colonia,Ampliación Memetla,05501
05330,Ciudad de México,Cuajimalpa de Morelos,Ciudad de México,Colonia,Ampliación el Yaqui,05501
05348,Ciudad de México,Cuajimalpa de Morelos,Ciudad de México,Colonia,Santa Fe Cuajimalpa,05501
05360,Ciudad de México,Cuajimalpa de Morelos,Ciudad de México,Colonia,Locaxco,05501
05370,Ciudad de México,Cuajimalpa de Morelos,Ciudad de México,Colonia,Las Tinajas,05501
05379,Ciudad de México,Cuajimalpa de Morelos,Ciudad de México,Colonia,Lomas de San Pedro,05501
05400,Ciudad de México,Cuajimalpa de Morelos,Ciudad de México,Colonia,El Tianguillo,05501
05410,Ciudad de México,Cuajimalpa de Morelos,Ciudad de México,Pueblo,San Lorenzo Acopilco,05501
05410,Ciudad de México,Cuajimalpa de Morelos,Ciudad de México,Colonia,1° de Mayo,05501
05500,Ciudad de México,Cuajimalpa de Morelos,Ciudad de México,Colonia,Contadero,05501
05520,Ciudad de México,Cuajimalpa de Morelos,Ciudad de México,Colonia,La Venta,05501
05530,Ciudad de México,Cuajimalpa de Morelos,Ciudad de México,Colonia,Abdías García Soto,05501
05600,Ciudad de México,Cuajimalpa de Morelos,Ciudad de México,Pueblo,San Mateo Tlaltenango,05501
05610,Ciudad de México,Cuajimalpa de Morelos,Ciudad de México,Pueblo,Santa Rosa Xochiac,05501
05700,Ciudad de México,Cuajimalpa de Morelos,Ciudad de México,Colonia,Cruz Blanca,05501
05710,Ciudad de México,Cuajimalpa de Morelos,Ciudad de México,Colonia,Las Maromas,05501
05730,Ciudad de México,Cuajimalpa de Morelos,Ciudad de México,Colonia,Xalpa,05501
05750,Ciudad de México,Cuajimalpa de Morelos,Ciudad de México,Colonia,La Pila,05501
05760,Ciudad de México,Cuajimalpa de Morelos,Ciudad de México,Colonia,Las Lajas,05501
05780,Ciudad de México,Cuajimalpa de Morelos,Ciudad de México,Colonia,Agua Bendita,05501
05790,Ciudad de México,Cuajimalpa de Morelos,Ciudad de México,Colonia,Puerto Las Cruces,05501
06000,Ciudad de México,Cuauhtémoc,Ciudad de México,Colonia,Centro (Área 1),06002
06010,Ciudad de México,Cuauhtémoc,Ciudad de México,Colonia,Centro (Área 2),06002
06020,Ciudad de México,Cuauhtémoc,Ciudad de México,Colonia,Centro (Área 3),06002
06030,Ciudad de México,Cuauhtémoc,Ciudad de México,Colonia,Tabacalera,06002
06040,Ciudad de México,Cuauhtémoc,Ciudad de México,Colonia,Centro (Área 4),06002
06050,Ciudad de México,Cuauhtémoc,Ciudad de México,Colonia,Centro (Área 5),06002
06060,Ciudad de México,Cuauhtémoc,Ciudad de México,Colonia,Centro (Área 6),06002
06070,Ciudad de México,Cuauhtémoc,Ciudad de México,Colonia,Centro (Área 7),06002
06080,Ciudad de México,Cuauhtémoc,Ciudad de México,Colonia,Centro (Área 8),06002
06090,Ciudad de México,Cuauhtémoc,Ciudad de México,Colonia,Centro (Área 9),06002
06100,Ciudad de México,Cuauhtémoc,Ciudad de México,Colonia,Hipódromo,06401
06140,Ciudad de México,Cuauhtémoc,Ciudad de México,Colonia,Condesa,06401
06170,Ciudad de México,Cuauhtémoc,Ciudad de México,Colonia,Hipódromo Condesa,06401
06200,Ciudad de México,Cuauhtémoc,Ciudad de México,Colonia,Morelos,06401
06220,Ciudad de México,Cuauhtémoc,Ciudad de México,Colonia,Peralvillo,06401
06240,Ciudad de México,Cuauhtémoc,Ciudad de México,Colonia,Valle Gómez,06401
06250,Ciudad de México,Cuauhtémoc,Ciudad de México,Colonia,Ex-Hipódromo de Peralvillo,06401
06270,Ciudad de México,Cuauhtémoc,Ciudad de México,Colonia,Maza,06401
06280,Ciudad de México,Cuauhtémoc,Ciudad de México,Colonia,Felipe Pescador,06401
06300,Ciudad de México,Cuauhtémoc,Ciudad de México,Colonia,Guerrero,06401
06350,Ciudad de México,Cuauhtémoc,Ciudad de México,Colonia,Buenavista,06401
06400,Ciudad de México,Cuauhtémoc,Ciudad de México,Colonia,Santa María la Ribera,06401
06430,Ciudad de México,Cuauhtémoc,Ciudad de México,Colonia,Santa María Insurgentes,06401
06450,Ciudad de México,Cuauhtémoc,Ciudad de México,Colonia,Atlampa,06401
06470,Ciudad de México,Cuauhtémoc,Ciudad de México,Colonia,San Rafael,06401
06500,Ciudad de México,Cuauhtémoc,Ciudad de México,Colonia,Cuauhtémoc,06401
06600,Ciudad de México,Cuauhtémoc,Ciudad de México,Colonia,Juárez,06401
06700,Ciudad de México,Cuauhtémoc,Ciudad de México,Colonia,Roma Norte,06401
08800,Ciudad de México,Iztacalco,Ciudad de México,Barrio,Santiago Sur,08231
08810,Ciudad de México,Iztacalco,Ciudad de México,Colonia,Reforma Iztaccíhuatl Norte,08231
08830,Ciudad de México,Iztacalco,Ciudad de México,Colonia,Militar Marte,08231
08840,Ciudad de México,Iztacalco,Ciudad de México,Colonia,Reforma Iztaccíhuatl Sur,08231
08900,Ciudad de México,Iztacalco,Ciudad de México,Colonia,INFONAVIT Iztacalco,08231
08910,Ciudad de México,Iztacalco,Ciudad de México,Barrio,Santa Cruz,08231
08920,Ciudad de México,Iztacalco,Ciudad de México,Colonia,Jardines Tecma,08231
08930,Ciudad de México,Iztacalco,Ciudad de México,Colonia,Campamento 2 de Octubre,08231
09000,Ciudad de México,Iztapalapa,Ciudad de México,Barrio,La Asunción,09081
09000,Ciudad de México,Iztapalapa,Ciudad de México,Barrio,San Ignacio,09081
09000,Ciudad de México,Iztapalapa,Ciudad de México,Barrio,San José,09081
09000,Ciudad de México,Iztapalapa,Ciudad de México,Barrio,San Lucas,09081
09000,Ciudad de México,Iztapalapa,Ciudad de México,Barrio,San Pablo,09081
09000,Ciudad de México,Iztapalapa,Ciudad de México,Barrio,San Pedro,09081
09000,Ciudad de México,Iztapalapa,Ciudad de México,Barrio,Santa Bárbara,09081
09010,Ciudad de México,Iztapalapa,Ciudad de México,Colonia,Real del Moral,09081
09020,Ciudad de México,Iztapalapa,Ciudad de México,Colonia,Doctor Alfonso Ortiz Tirado,09081
09030,Ciudad de México,Iztapalapa,Ciudad de México,Colonia,Paseos de Churubusco,09081
09040,Ciudad de México,Iztapalapa,Ciudad de México,Colonia,Central de Abasto,09081
09060,Ciudad de México,Iztapalapa,Ciudad de México,Colonia,Escuadrón 201,09081
09060,Ciudad de México,Iztapalapa,Ciudad de México,Colonia,Sector Popular,09081
09070,Ciudad de México,Iztapalapa,Ciudad de México,Colonia,Granjas de San Antonio,09081
09080,Ciudad de México,Iztapalapa,Ciudad de México,Colonia,Cacama,09081
09089,Ciudad de México,Iztapalapa,Ciudad de México,Colonia,Unidad Modelo,09081
09090,Ciudad de México,Iztapalapa,Ciudad de México,Colonia,Héroes de Churubusco,09081
09099,Ciudad de México,Iztapalapa,Ciudad de México,Pueblo,Mexicaltzingo,09081
09100,Ciudad de México,Iztapalapa,Ciudad de México,Colonia,Juan Escutia,09181
09130,Ciudad de México,Iztapalapa,Ciudad de México,Pueblo,San Lorenzo Xicotencatl,09181
09140,Ciudad de México,Iztapalapa,Ciudad de México,Colonia,Santa Martha Acatitla Norte,09181
09180,Ciudad de México,Iztapalapa,Ciudad de México,Colonia,Ermita Zaragoza,09181
09200,Ciudad de México,Iztapalapa,Ciudad de México,Colonia,Unidad Vicente Guerrero,09201
09208,Ciudad de México,Iztapalapa,Ciudad de México,Colonia,Chinampac de Juárez,09201
09209,Ciudad de México,Iztapalapa,Ciudad de México,Colonia,Renovación,09201
09210,Ciudad de México,Iztapalapa,Ciudad de México,Colonia,Tepalcates,09201
09220,Ciudad de México,Iztapalapa,Ciudad de México,Colonia,Unidad Ejército Constitucionalista,09201
09230,Ciudad de México,Iztapalapa,Ciudad de México,Colonia,Álvaro Obregón,09201
09230,Ciudad de México,Iztapalapa,Ciudad de México,Colonia,Ejército de Oriente,09201
09230,Ciudad de México,Iztapalapa,Ciudad de México,Colonia,El Paraíso,09201
09230,Ciudad de México,Iztapalapa,Ciudad de México,Colonia,José María Morelos y Pavón,09201
09239,Ciudad de México,Iztapalapa,Ciudad de México,Colonia,Ejército de Oriente Zona Peñón,09201
09240,Ciudad de México,Iztapalapa,Ciudad de México,Colonia,Progresista,09201
09250,Ciudad de México,Iztapalapa,Ciudad de México,Colonia,La Regadera,09201
09260,Ciudad de México,Iztapalapa,Ciudad de México,Colonia,Constitución de 1917,09201
09270,Ciudad de México,Iztapalapa,Ciudad de México,Colonia,Colonial Iztapalapa,09201
09280,Ciudad de México,Iztapalapa,Ciudad de México,Colonia,Jacarandas,09201
09290,Ciudad de México,Iztapalapa,Ciudad de México,Colonia,Santa Cruz Meyehualco,09201
09300,Ciudad de México,Iztapalapa,Ciudad de México,Colonia,Guadalupe del Moral,09201
09310,Ciudad de México,Iztapalapa,Ciudad de México,Colonia,Leyes de Reforma 1a Sección,09201
09310,Ciudad de México,Iztapalapa,Ciudad de México,Colonia,Leyes de Reforma 2a Sección,09201
09310,Ciudad de México,Iztapalapa,Ciudad de México,Colonia,Leyes de Reforma 3a Sección,09201
09319,Ciudad de México,Iztapalapa,Ciudad de México,Colonia,Cuchilla del Moral,09201
09320,Ciudad de México,Iztapalapa,Ciudad de México,Colonia,Sideral,09201
09350,Ciudad de México,Iztapalapa,Ciudad de México,Colonia,Albarrada,09201
09359,Ciudad de México,Iztapalapa,Ciudad de México,Colonia,Eva Sámano de López Mateos,09201
10370,Ciudad de México,La Magdalena Contreras,Ciudad de México,Colonia,Palmas,10021
10378,Ciudad de México,La Magdalena Contreras,Ciudad de México,Colonia,Atacaxco,10021
10379,Ciudad de México,La Magdalena Contreras,Ciudad de México,Colonia,Vista Hermosa,10021
10380,Ciudad de México,La Magdalena Contreras,Ciudad de México,Colonia,Barros Sierra,10021
10400,Ciudad de México,La Magdalena Contreras,Ciudad de México,Colonia,San Jerónimo Aculco,10701
10500,Ciudad de México,La Magdalena Contreras,Ciudad de México,Colonia,Barrio San Francisco,10581
10580,Ciudad de México,La Magdalena Contreras,Ciudad de México,Colonia,Barranca Seca,10581
10600,Ciudad de México,La Magdalena Contreras,Ciudad de México,Colonia,El Rosal,10581
10610,Ciudad de México,La Magdalena Contreras,Ciudad de México,Colonia,El Toro,10581
10620,Ciudad de México,La Magdalena Contreras,Ciudad de México,Colonia,Potrerillo,10581
10630,Ciudad de México,La Magdalena Contreras,Ciudad de México,Campamento,El Ocotal,10581
10640,Ciudad de México,La Magdalena Contreras,Ciudad de México,Colonia,La Carbonera,10581
10640,Ciudad de México,La Magdalena Contreras,Ciudad de México,Colonia,Pueblo Nuevo Alto,10581
10640,Ciudad de México,La Magdalena Contreras,Ciudad de México,Colonia,Pueblo Nuevo Bajo,10581
10660,Ciudad de México,La Magdalena Contreras,Ciudad de México,Colonia,El Ermitaño,10581
10700,Ciudad de México,La Magdalena Contreras,Ciudad de México,Colonia,Héroes de Padierna,10701
10710,Ciudad de México,La Magdalena Contreras,Ciudad de México,Colonia,Santa Teresa,10901
10800,Ciudad de México,La Magdalena Contreras,Ciudad de México,Colonia,La Cruz,10581
10810,Ciudad de México,La Magdalena Contreras,Ciudad de México,Colonia,San Francisco,10581
10820,Ciudad de México,La Magdalena Contreras,Ciudad de México,Colonia,La Guadalupe,10901
10830,Ciudad de México,La Magdalena Contreras,Ciudad de México,Colonia,La Concepción,10901
10840,Ciudad de México,La Magdalena Contreras,Ciudad de México,Barrio,Las Calles,10901
10840,Ciudad de México,La Magdalena Contreras,Ciudad de México,Barrio,Plazuela del Pedregal,10901
10900,Ciudad de México,La Magdalena Contreras,Ciudad de México,Pueblo,San Nicolás Totolapan,10901
10910,Ciudad de México,La Magdalena Contreras,Ciudad de México,Pueblo,La Magdalena,10581
10920,Ciudad de México,La Magdalena Contreras,Ciudad de México,Colonia,Las Huertas,10901
10926,Ciudad de México,La Magdalena Contreras,Ciudad de México,Campamento,Tierra Colorada,10901
11000,Ciudad de México,Miguel Hidalgo,Ciudad de México,Colonia,Lomas de Chapultepec I Sección,11801
11000,Ciudad de México,Miguel Hidalgo,Ciudad de México,Colonia,Lomas de Chapultepec VIII Sección,11801
11000,Ciudad de México,Miguel Hidalgo,Ciudad de México,Colonia,Lomas de Chapultepec II Sección,11801
11000,Ciudad de México,Miguel Hidalgo,Ciudad de México,Colonia,Lomas de Chapultepec III Sección,11801
11000,Ciudad de México,Miguel Hidalgo,Ciudad de México,Colonia,Lomas de Chapultepec IV Sección,11801
11000,Ciudad de México,Miguel Hidalgo,Ciudad de México,Colonia,Lomas de Chapultepec V Sección,11801
11000,Ciudad de México,Miguel Hidalgo,Ciudad de México,Colonia,Lomas de Chapultepec VI Sección,11801
11000,Ciudad de México,Miguel Hidalgo,Ciudad de México,Colonia,Lomas de Chapultepec VII Sección,11801
11040,Ciudad de México,Miguel Hidalgo,Ciudad de México,Colonia,Molino del Rey,11801
11100,Ciudad de México,Miguel Hidalgo,Ciudad de México,Equipamiento,Bosque de Chapultepec II Sección,11801
11100,Ciudad de México,Miguel Hidalgo,Ciudad de México,Equipamiento,Bosque de Chapultepec III Sección,11801
11200,Ciudad de México,Miguel Hidalgo,Ciudad de México,Colonia,Lomas Hermosa,11411
11200,Ciudad de México,Miguel Hidalgo,Ciudad de México,Colonia,Lomas de Sotelo,11411
11210,Ciudad de México,Miguel Hidalgo,Ciudad de México,Pueblo,San Lorenzo Tlaltenango,11411
11220,Ciudad de México,Miguel Hidalgo,Ciudad de México,Colonia,Periodista,11411
11230,Ciudad de México,Miguel Hidalgo,Ciudad de México,Colonia,Argentina Poniente,11411
11240,Ciudad de México,Miguel Hidalgo,Ciudad de México,Colonia,Ignacio Manuel Altamirano,11411
11250,Ciudad de México,Miguel Hidalgo,Ciudad de México,Colonia,10 de Abril,11411
11260,Ciudad de México,Miguel Hidalgo,Ciudad de México,Colonia,México Nuevo,11411
11260,Ciudad de México,Miguel Hidalgo,Ciudad de México,Colonia,San Joaquín,11411
13060,Ciudad de México,Tláhuac,Ciudad de México,Barrio,Santa Ana,13011
13070,Ciudad de México,Tláhuac,Ciudad de México,Barrio,La Magdalena,13011
13070,Ciudad de México,Tláhuac,Ciudad de México,Barrio,San Miguel,13011
13080,Ciudad de México,Tláhuac,Ciudad de México,Barrio,Los Reyes,13011
13090,Ciudad de México,Tláhuac,Ciudad de México,Colonia,Quiahuatla,13011
13093,Ciudad de México,Tláhuac,Ciudad de México,Colonia,San Sebastián,13011
13094,Ciudad de México,Tláhuac,Ciudad de México,Colonia,San Isidro,13011
13099,Ciudad de México,Tláhuac,Ciudad de México,Barrio,San Andrés,13011
13100,Ciudad de México,Tláhuac,Ciudad de México,Barrio,La Guadalupe,13011
13120,Ciudad de México,Tláhuac,Ciudad de México,Colonia,Ampliación Santa Catarina,13011
13120,Ciudad de México,Tláhuac,Ciudad de México,Barrio,Santiago,13011
13150,Ciudad de México,Tláhuac,Ciudad de México,Barrio,La Concepción,13011
13180,Ciudad de México,Tláhuac,Ciudad de México,Barrio,San Miguel,13011
13200,Ciudad de México,Tláhuac,Ciudad de México,Colonia,Miguel Hidalgo,13221
13210,Ciudad de México,Tláhuac,Ciudad de México,Colonia,Los Olivos,13221
13219,Ciudad de México,Tláhuac,Ciudad de México,Colonia,Las Arboledas,13221
13219,Ciudad de México,Tláhuac,Ciudad de México,Colonia,Ampliación Los Olivos,13221
13220,Ciudad de México,Tláhuac,Ciudad de México,Colonia,La Nopalera,13221
13230,Ciudad de México,Tláhuac,Ciudad de México,Colonia,Granjas Cabrera,13221
13250,Ciudad de México,Tláhuac,Ciudad de México,Colonia,La Turba,13221
13270,Ciudad de México,Tláhuac,Ciudad de México,Colonia,Del Mar,13221
13273,Ciudad de México,Tláhuac,Ciudad de México,Colonia,La Draga,13221
13278,Ciudad de México,Tláhuac,Ciudad de México,Colonia,Villa Centroamericana,13221
13280,Ciudad de México,Tláhuac,Ciudad de México,Colonia,Agrícola Metropolitana,13221
13300,Ciudad de México,Tláhuac,Ciudad de México,Barrio,Santa Ana Centro,13221
13300,Ciudad de México,Tláhuac,Ciudad de México,Barrio,Santiago Centro,13221
13300,Ciudad de México,Tláhuac,Ciudad de México,Barrio,Santa Ana Poniente,13221
13300,Ciudad de México,Tláhuac,Ciudad de México,Barrio,Santa Ana Norte,13221
13300,Ciudad de México,Tláhuac,Ciudad de México,Barrio,Santiago Norte,13221
13310,Ciudad de México,Tláhuac,Ciudad de México,Colonia,Zapotitla,13221
13315,Ciudad de México,Tláhuac,Ciudad de México,Colonia,Ampliación Zapotitla,13221
13319,Ciudad de México,Tláhuac,Ciudad de México,Colonia,La Estación,13221
13360,Ciudad de México,Tláhuac,Ciudad de México,Colonia,La Conchita Zapotitlán,13221
13360,Ciudad de México,Tláhuac,Ciudad de México,Barrio,Santa Ana Sur,13221
13360,Ciudad de México,Tláhuac,Ciudad de México,Barrio,Santiago Sur,13221
13400,Ciudad de México,Tláhuac,Ciudad de México,Pueblo,San Francisco Tlaltenco,13011
13410,Ciudad de México,Tláhuac,Ciudad de México,Colonia,López Portillo,13011
13419,Ciudad de México,Tláhuac,Ciudad de México,Colonia,Ampliación José López Portillo,13011
13420,Ciudad de México,Tláhuac,Ciudad de México,Colonia,Selene,13011
13430,Ciudad de México,Tláhuac,Ciudad de México,Colonia,Ampliación Selene,13011
13440,Ciudad de México,Tláhuac,Ciudad de México,Colonia,Zacatenco,13011
13450,Ciudad de México,Tláhuac,Ciudad de México,Colonia,Guadalupe Tlaltenco,13011
13450,Ciudad de México,Tláhuac,Ciudad de México,Colonia,Ojo de Agua,13011
13460,Ciudad de México,Tláhuac,Ciudad de México,Colonia,El Triángulo,13011
13508,Ciudad de México,Tláhuac,Ciudad de México,Barrio,San Agustín,13011
13508,Ciudad de México,Tláhuac,Ciudad de México,Barrio,La Soledad,13011
13509,Ciudad de México,Tláhuac,Ciudad de México,Barrio,La Concepción,13011
13510,Ciudad de México,Tláhuac,Ciudad de México,Colonia,La Lupita,13011
13520,Ciudad de México,Tláhuac,Ciudad de México,Colonia,Francisco Villa,13011
13530,Ciudad de México,Tláhuac,Ciudad de México,Colonia,Jaime Torres Bodet,13011
13530,Ciudad de México,Tláhuac,Ciudad de México,Colonia,La Asunción,13011
13540,Ciudad de México,Tláhuac,Ciudad de México,Colonia,El Rosario,13011
13540,Ciudad de México,Tláhuac,Ciudad de México,Colonia,Tierra Blanca,13011
13545,Ciudad de México,Tláhuac,Ciudad de México,Colonia,Ampliación La Conchita,13011
13549,Ciudad de México,Tláhuac,Ciudad de México,Colonia,Peña Alta,13011
13550,Ciudad de México,Tláhuac,Ciudad de México,Colonia,Jardines del Llano,13011
13550,Ciudad de México,Tláhuac,Ciudad de México,Colonia,Potrero del Llano,13011
03103,Ciudad de México,Benito Juárez,Ciudad de México,Colonia,Del Valle Norte,03001
03104,Ciudad de México,Benito Juárez,Ciudad de México,Colonia,Del Valle Sur,03001
03200,Ciudad de México,Benito Juárez,Ciudad de México,Colonia,Tlacoquemécatl,03001
03230,Ciudad de México,Benito Juárez,Ciudad de México,Colonia,Actipan,03001
03240,Ciudad de México,Benito Juárez,Ciudad de México,Colonia,Acacias,03001
03300,Ciudad de México,Benito Juárez,Ciudad de México,Colonia,Portales Sur,03501
03303,Ciudad de México,Benito Juárez,Ciudad de México,Colonia,Portales Norte,03501
03310,Ciudad de México,Benito Juárez,Ciudad de México,Colonia,Santa Cruz Atoyac,03501
03320,Ciudad de México,Benito Juárez,Ciudad de México,Colonia,Residencial Emperadores,03501
03330,Ciudad de México,Benito Juárez,Ciudad de México,Colonia,Xoco,03501
03340,Ciudad de México,Benito Juárez,Ciudad de México,Colonia,General Pedro María Anaya,03501
03400,Ciudad de México,Benito Juárez,Ciudad de México,Colonia,Álamos,03501
03410,Ciudad de México,Benito Juárez,Ciudad de México,Colonia,Postal,03501
03420,Ciudad de México,Benito Juárez,Ciudad de México,Colonia,Miguel Alemán,03501
03430,Ciudad de México,Benito Juárez,Ciudad de México,Colonia,Josefa Ortiz de Domínguez,03501
03440,Ciudad de México,Benito Juárez,Ciudad de México,Colonia,Niños Héroes,03501
03500,Ciudad de México,Benito Juárez,Ciudad de México,Colonia,Nativitas,03501
03510,Ciudad de México,Benito Juárez,Ciudad de México,Colonia,Moderna,03501
03520,Ciudad de México,Benito Juárez,Ciudad de México,Colonia,Iztaccihuatl,03501
03530,Ciudad de México,Benito Juárez,Ciudad de México,Colonia,Villa de Cortés,03501
03540,Ciudad de México,Benito Juárez,Ciudad de México,Colonia,Del Carmen,03501
03550,Ciudad de México,Benito Juárez,Ciudad de México,Colonia,Zacahuitzco,03501
03560,Ciudad de México,Benito Juárez,Ciudad de México,Colonia,Albert,03501
03570,Ciudad de México,Benito Juárez,Ciudad de México,Colonia,Portales Oriente,03501
03580,Ciudad de México,Benito Juárez,Ciudad de México,Colonia,Miravalle,03501
03590,Ciudad de México,Benito Juárez,Ciudad de México,Colonia,Ermita,03501
03600,Ciudad de México,Benito Juárez,Ciudad de México,Colonia,Vértiz Narvarte,03501
03610,Ciudad de México,Benito Juárez,Ciudad de México,Colonia,Américas Unidas,03501
03620,Ciudad de México,Benito Juárez,Ciudad de México,Colonia,Periodista,03501
03630,Ciudad de México,Benito Juárez,Ciudad de México,Colonia,Independencia,03501
03640,Ciudad de México,Benito Juárez,Ciudad de México,Colonia,Del Lago,03501
03650,Ciudad de México,Benito Juárez,Ciudad de México,Colonia,Letrán Valle,03501
03660,Ciudad de México,Benito Juárez,Ciudad de México,Colonia,San Simón Ticumac,03501
03700,Ciudad de México,Benito Juárez,Ciudad de México,Colonia,Santa María Nonoalco,03901
03710,Ciudad de México,Benito Juárez,Ciudad de México,Colonia,Ciudad de los Deportes,03901
03720,Ciudad de México,Benito Juárez,Ciudad de México,Colonia,Nochebuena,03901
03730,Ciudad de México,Benito Juárez,Ciudad de México,Colonia,San Juan,03901
03740,Ciudad de México,Benito Juárez,Ciudad de México,Colonia,Extremadura Insurgentes,03901
03800,Ciudad de México,Benito Juárez,Ciudad de México,Colonia,San Pedro de los Pinos,03901
03810,Ciudad de México,Benito Juárez,Ciudad de México,Colonia,Nápoles,03901
03820,Ciudad de México,Benito Juárez,Ciudad de México,Colonia,8 de Agosto,03901
03840,Ciudad de México,Benito Juárez,Ciudad de México,Colonia,Ampliación Nápoles,03901
03900,Ciudad de México,Benito Juárez,Ciudad de México,Colonia,San José Insurgentes,03901
03910,Ciudad de México,Benito Juárez,Ciudad de México,Colonia,Mixcoac,03901
03920,Ciudad de México,Benito Juárez,Ciudad de México,Colonia,Insurgentes Mixcoac,03901
03930,Ciudad de México,Benito Juárez,Ciudad de México,Colonia,Merced Gómez,03901
03940,Ciudad de México,Benito Juárez,Ciudad de México,Colonia,Crédito Constructor,03901
04000,Ciudad de México,Coyoacán,Ciudad de México,Colonia,Villa Coyoacán,03501
04010,Ciudad de México,Coyoacán,Ciudad de México,Barrio,Santa Catarina,03501
04020,Ciudad de México,Coyoacán,Ciudad de México,Barrio,La Concepción,03501
04030,Ciudad de México,Coyoacán,Ciudad de México,Barrio,San Lucas,03501
11650,Ciudad de México,Miguel Hidalgo,Ciudad de México,Colonia,Reforma Social,11801
11700,Ciudad de México,Miguel Hidalgo,Ciudad de México,Colonia,Bosque de las Lomas,11801
11800,Ciudad de México,Miguel Hidalgo,Ciudad de México,Colonia,Escandón I Sección,11801
11800,Ciudad de México,Miguel Hidalgo,Ciudad de México,Colonia,Escandón II Sección,11801
11810,Ciudad de México,Miguel Hidalgo,Ciudad de México,Colonia,16 de Septiembre,11801
11820,Ciudad de México,Miguel Hidalgo,Ciudad de México,Colonia,América,11801
11830,Ciudad de México,Miguel Hidalgo,Ciudad de México,Colonia,Daniel Garza,11801
11840,Ciudad de México,Miguel Hidalgo,Ciudad de México,Colonia,Ampliación Daniel Garza,11801
11850,Ciudad de México,Miguel Hidalgo,Ciudad de México,Colonia,San Miguel Chapultepec I Sección,11801
11850,Ciudad de México,Miguel Hidalgo,Ciudad de México,Colonia,San Miguel Chapultepec II Sección,11801
11860,Ciudad de México,Miguel Hidalgo,Ciudad de México,Colonia,Observatorio,11801
11870,Ciudad de México,Miguel Hidalgo,Ciudad de México,Colonia,Tacubaya,11801
11910,Ciudad de México,Miguel Hidalgo,Ciudad de México,Colonia,Lomas de Bezares,11801
11920,Ciudad de México,Miguel Hidalgo,Ciudad de México,Colonia,Real de las Lomas,11801
11930,Ciudad de México,Miguel Hidalgo,Ciudad de México,Colonia,Lomas de Reforma,11801
11950,Ciudad de México,Miguel Hidalgo,Ciudad de México,Colonia,Lomas Altas,11801
12000,Ciudad de México,Milpa Alta,Ciudad de México,Barrio,La Concepción,12001
12000,Ciudad de México,Milpa Alta,Ciudad de México,Barrio,La Luz,12001
12000,Ciudad de México,Milpa Alta,Ciudad de México,Barrio,Los Ángeles,12001
12000,Ciudad de México,Milpa Alta,Ciudad de México,Barrio,San Mateo,12001
12000,Ciudad de México,Milpa Alta,Ciudad de México,Barrio,Santa Cruz,12001
12000,Ciudad de México,Milpa Alta,Ciudad de México,Barrio,Santa Martha,12001
12000,Ciudad de México,Milpa Alta,Ciudad de México,Colonia,Villa Milpa Alta Centro,12001
12070,Ciudad de México,Milpa Alta,Ciudad de México,Barrio,San Agustin,12001
12080,Ciudad de México,Milpa Alta,Ciudad de México,Pueblo,San Agustin Ohtenco,12001
12100,Ciudad de México,Milpa Alta,Ciudad de México,Barrio,Cruztitla,12001
12100,Ciudad de México,Milpa Alta,Ciudad de México,Barrio,Tecaxtitla,12001
12100,Ciudad de México,Milpa Alta,Ciudad de México,Barrio,Tenantitla,12001
12100,Ciudad de México,Milpa Alta,Ciudad de México,Barrio,Xaltipac,12001
12100,Ciudad de México,Milpa Alta,Ciudad de México,Barrio,Xochitepec,12001
12110,Ciudad de México,Milpa Alta,Ciudad de México,Colonia,Emiliano Zapata,13611
12110,Ciudad de México,Milpa Alta,Ciudad de México,Colonia,La Conchita,13611
12200,Ciudad de México,Milpa Alta,Ciudad de México,Barrio,Nochtla,12001
12200,Ciudad de México,Milpa Alta,Ciudad de México,Barrio,Ocotitla,12001
12200,Ciudad de México,Milpa Alta,Ciudad de México,Barrio,Panchimalco,12001
12200,Ciudad de México,Milpa Alta,Ciudad de México,Barrio,Tula,12001
12250,Ciudad de México,Milpa Alta,Ciudad de México,Pueblo,San Bartolomé Xicomulco,12001
12300,Ciudad de México,Milpa Alta,Ciudad de México,Pueblo,San Salvador Cuauhtenco,12001
12400,Ciudad de México,Milpa Alta,Ciudad de México,Barrio,Centro,12001
12400,Ciudad de México,Milpa Alta,Ciudad de México,Barrio,San Juan,12001
12400,Ciudad de México,Milpa Alta,Ciudad de México,Barrio,San Miguel,12001
12410,Ciudad de México,Milpa Alta,Ciudad de México,Barrio,Chalmita,12001
12500,Ciudad de México,Milpa Alta,Ciudad de México,Pueblo,San Lorenzo Tlacoyucan,12001
12600,Ciudad de México,Milpa Alta,Ciudad de México,Pueblo,San Jerónimo Miacatlán,12001
12700,Ciudad de México,Milpa Alta,Ciudad de México,Pueblo,San Francisco Tecoxpa,12001
12800,Ciudad de México,Milpa Alta,Ciudad de México,Pueblo,San Juan Tepenahuac,12001
12910,Ciudad de México,Milpa Alta,Ciudad de México,Barrio,La Lupita Teticpac,12001
12920,Ciudad de México,Milpa Alta,Ciudad de México,Barrio,San Marcos,12001
12930,Ciudad de México,Milpa Alta,Ciudad de México,Barrio,San Miguel,12001
12940,Ciudad de México,Milpa Alta,Ciudad de México,Barrio,San José,12001
12950,Ciudad de México,Milpa Alta,Ciudad de México,Barrio,La Lupita Xolco,12001
13000,Ciudad de México,Tláhuac,Ciudad de México,Barrio,La Asunción,13011
13010,Ciudad de México,Tláhuac,Ciudad de México,Colonia,Santa Cecilia,13011
13020,Ciudad de México,Tláhuac,Ciudad de México,Colonia,San José,13011
13030,Ciudad de México,Tláhuac,Ciudad de México,Barrio,San Juan,13011
13040,Ciudad de México,Tláhuac,Ciudad de México,Barrio,San Mateo,13011
13050,Ciudad de México,Tláhuac,Ciudad de México,Colonia,La Habana,13011
13060,Ciudad de México,Tláhuac,Ciudad de México,Barrio,La Guadalupe,13011
